Car ID,Brand,Model,Price,Kilométrage,Année,Carrosserie,Boite vitesse,Cylindrée,Nombre de portes,Puissance fiscale,Transmission,Énergie
108609,audi,Q2,99500,78000,2018.0,SUV/4x4,Automatique,999,40,7,Traction,Essence
107671,audi,A6,99500,117000,2015.0,Berline,Automatique,1798,40,10,Traction,Essence
107646,audi,A4,85000,141000,2017.0,Berline,Automatique,1398,40,8,Traction,Essence
107403,audi,Q3,152000,122000,2021.0,SUV/4x4,Automatique,1398,40,9,Traction,Essence
106393,audi,A5,48000,201000,2011.0,Coupé,Automatique,1998,20,10,Traction,Essence
106355,audi,A5,53000,168000,2009.0,Coupé,Automatique,1998,20,13,Traction,Essence
104167,audi,A4,46000,233000,2011.0,Berline,Manuelle,1798,40,7,Traction,Essence
101733,audi,Q7,69000,180000,2010.0,SUV/4x4,Automatique,2967,50,16,Traction,Diesel
100354,audi,A4,50000,241000,2008.0,Berline,Automatique,1984,40,11,Traction,Essence
99061,audi,A4,50000,175000,2014.0,Berline,Manuelle,,,7,Traction,Essence
97437,audi,Q7,60000,249000,2006.0,SUV/4x4,Automatique,,,16,Traction,Diesel
108592,audi,Q3,168000,85000,2021.0,Coupé,Automatique,1395,50,8,Traction,Hybride rechargeable essence
108978,audi,A1,112000,15000,2023.0,Compacte,Automatique,999,50,6,Traction,Essence
107199,audi,Q5,78000,270000,2014.0,SUV/4x4,Automatique,1998,50,10,Traction,Diesel
104059,audi,A3,69000,128000,2018.0,Compacte,Manuelle,1198,50,6,Traction,Essence
109166,audi,A3,128000,14000,2023.0,Coupé,Automatique,1333,50,6,Traction,Essence
104595,audi,Q5,47000,255000,2009.0,SUV/4x4,Automatique,2000,50,13,Traction,Essence
108459,audi,A3,78500,125000,2019.0,Coupé,Manuelle,1200,50,6,Traction,Essence
107031,audi,A3,69000,210000,2018.0,Coupé,Manuelle,1000,50,6,Traction,Essence
108282,audi,A3,125000,40000,2023.0,Berline,Automatique,1400,40,8,Intégrale,Essence
109453,audi,Q3,165000,81602,2020.0,SUV/4x4,Automatique,1498,40,8,Traction,Hybride essence
107723,audi,A5,92000,198000,2018.0,Berline,Automatique,1395,40,8,Traction,Essence
109014,audi,A4,68000,210000,2017.0,Berline,Automatique,1600,50,8,Propulsion,Essence
106850,audi,A5,210000,34502,2021.0,Berline,Automatique,1999,40,8,Traction,Essence
106588,audi,Q3,175000,77986,2021.0,SUV/4x4,Automatique,1498,40,8,Propulsion,Hybride rechargeable essence
100511,audi,Q5,110000,176000,2015.0,SUV/4x4,Automatique,2000,40,10,Traction,Diesel
108232,audi,A3,64500,154000,2016.0,Compacte,Manuelle,1197,50,6,Traction,Essence
107206,audi,A5,142000,102000,2021.0,Berline,Automatique,1984,50,8,Traction,Essence
106481,audi,A3,119000,56000,2022.0,Berline,Automatique,1395,50,8,Traction,Essence
105939,audi,A7,295000,86000,2022.0,Berline,Automatique,2995,50,23,Intégrale,Essence
108895,audi,A5,170000,58000,2021.0,Berline,Automatique,2000,40,8,Traction,Essence
101884,audi,A5,147000,85000,2020.0,Berline,Automatique,1400,40,8,Traction,Essence
103838,audi,Q3,112000,110000,2019.0,SUV/4x4,Automatique,1498,50,9,Propulsion,Essence
109024,audi,A3,88000,17000,2020.0,Berline,Manuelle,1200,50,6,Traction,Essence
107799,audi,Q3,165000,3000,2023.0,Citadine,Automatique,1998,50,9,Traction,Essence
105418,audi,A5,109000,120000,2019.0,Berline,Automatique,1799,50,8,Traction,Essence
105294,audi,Q5,295000,40000,2021.0,SUV/4x4,Automatique,2000,50,11,Traction,Diesel
104724,audi,A3,85000,50000,2019.0,Berline,Automatique,1000,50,6,Traction,Essence
104652,audi,Q3,95000,95000,2017.0,SUV/4x4,Automatique,1599,50,7,Traction,Essence
104572,audi,A4,58000,143000,2016.0,Berline,Automatique,1799,50,7,Traction,Essence
104245,audi,Q5,165000,170000,2019.0,SUV/4x4,Automatique,2000,50,12,Traction,Diesel
103893,audi,Q8,398000,16000,2021.0,SUV/4x4,Automatique,3000,50,23,Traction,Essence
102085,audi,Q3,90000,100000,2017.0,SUV/4x4,Automatique,1799,50,7,Traction,Essence
101947,audi,A5,59000,120000,2010.0,Cabriolet,Automatique,1999,20,10,Traction,Essence
100833,audi,A3,95000,70000,2019.0,Citadine,Automatique,1599,50,7,Traction,Essence
100374,audi,A5,59000,120000,2010.0,Cabriolet,Automatique,1599,20,10,Traction,Essence
99089,audi,Q3,188000,10000,2021.0,SUV/4x4,Automatique,,,8,Traction,Essence
99068,audi,Q5,215000,100000,2018.0,SUV/4x4,Automatique,,,11,Traction,Diesel
98074,audi,Q3,85000,77000,2017.0,SUV/4x4,Automatique,,,7,Traction,Essence
95272,audi,A5,185000,70000,2021.0,Citadine,Automatique,,,8,Traction,Essence
108836,audi,A3,75000,78000,2019.0,Compacte,Manuelle,999,40,6,Traction,Essence
108777,audi,Q5,70000,369000,2008.0,SUV/4x4,Automatique,3000,50,15,Intégrale,Diesel
107759,audi,A5,89000,132000,2015.0,Berline,Automatique,1800,50,10,Traction,Essence
107758,audi,A4,53000,199000,2014.0,Citadine,Manuelle,1800,50,7,Traction,Essence
107312,audi,A6,102000,124000,2016.0,Berline,Automatique,1800,50,10,Traction,Essence
109116,audi,Q2,114000,30000,2021.0,SUV/4x4,Automatique,1400,50,8,Traction,Essence
101862,audi,Q3,175000,50000,2021.0,SUV/4x4,Automatique,1999,40,8,Traction,Hybride essence
99327,audi,A3,145000,900,2023.0,Berline,Automatique,1500,50,8,Intégrale,Hybride essence
109050,audi,A4,115000,45000,2018.0,Berline,Automatique,1395,50,8,Traction,Essence
108299,audi,A5,115000,80000,2019.0,Coupé,Automatique,1400,50,8,Traction,Essence
105871,audi,Q3,200000,40000,2023.0,SUV/4x4,Automatique,1400,50,8,Traction,Hybride rechargeable essence
108647,audi,A3,67500,100000,2018.0,Coupé,Manuelle,1197,50,6,Traction,Essence
109396,audi,RS,335000,20000,2022.0,Berline,Automatique,2480,50,28,Intégrale,Essence
109393,audi,A3,62000,105000,2015.0,Berline,Manuelle,1200,50,5,Traction,Essence
107587,audi,Q3,188000,68000,2021.0,Berline,Automatique,1498,50,8,Traction,Essence
108975,audi,A5,108000,125000,2019.0,Coupé,Automatique,1999,40,8,Propulsion,Essence
109045,audi,A3,79000,151000,2019.0,Berline,Automatique,1400,40,6,Propulsion,Essence
107076,audi,Q5,115000,278000,2015.0,SUV/4x4,Automatique,2000,50,10,Propulsion,Diesel
107152,audi,Q5,115000,278000,2015.0,SUV/4x4,Automatique,2000,40,10,Propulsion,Diesel
107795,audi,A5,85000,255000,2019.0,Berline,Automatique,1500,50,8,Traction,Essence
109358,audi,A3,89000,17929,2020.0,Berline,Manuelle,900,40,6,Traction,Essence
102863,audi,A4,43000,198000,2012.0,Berline,Manuelle,1798,50,7,Propulsion,Essence
107193,audi,A3,71000,110000,2017.0,Berline,Automatique,1200,40,7,Traction,Essence
109299,audi,S5,140000,120000,2011.0,Coupé,Automatique,4000,30,26,Traction,Essence
108456,audi,Q5,79000,157000,2013.0,SUV/4x4,Automatique,2000,50,10,Intégrale,Diesel
106178,audi,Q3,162000,15000,2020.0,SUV/4x4,Automatique,1400,50,8,Traction,Essence
94496,audi,Q3,98000,66000,2017.0,Autres,Automatique,1400,50,8,Traction,Essence
108345,audi,A5,103000,130000,2018.0,Berline,Automatique,1395,50,8,Traction,Essence
109042,audi,Q5,75500,96500,2014.0,SUV/4x4,Automatique,1999,40,14,Intégrale,Essence
106920,audi,A5,105000,120000,2018.0,Autres,Automatique,1395,50,8,Traction,Essence
109245,audi,Q5,245000,90000,2021.0,SUV/4x4,Automatique,1984,50,15,Intégrale,Hybride essence
109208,audi,A3,28000,414000,2006.0,Citadine,Manuelle,1896,40,5,Traction,Diesel
108453,audi,A3,65000,122000,2016.0,Berline,Automatique,1200,50,6,Traction,Essence
109178,audi,Q3,63000,237000,2011.0,Autres,Automatique,1968,40,10,Traction,Diesel
105663,audi,A4,74000,186000,2018.0,Berline,Automatique,1398,40,8,Traction,Essence
109117,audi,A1,52000,91000,2013.0,Citadine,Manuelle,1197,50,5,Traction,Essence
105898,audi,A5,62000,180000,2011.0,Cabriolet,Manuelle,1000,30,9,Traction,Essence
109103,audi,Q3,78000,200000,2013.0,SUV/4x4,Automatique,1000,50,10,Traction,Essence
107095,audi,A4,45000,248705,2013.0,Berline,Manuelle,1798,40,7,Traction,Essence
109028,audi,A5,98000,70000,2019.0,Berline,Automatique,2000,40,8,Traction,Essence
108251,audi,A5,75000,109000,2014.0,Coupé,Automatique,4000,30,9,Traction,Essence
106716,audi,A3,140000,20000,2022.0,Berline,Automatique,1400,50,8,Traction,Essence
107566,audi,A4,72000,230000,2018.0,Berline,Automatique,1400,50,8,Traction,Essence
105479,audi,Q8,368000,61000,2021.0,SUV/4x4,Automatique,3000,50,23,Intégrale,Essence
108908,audi,Q2,95000,77000,2019.0,SUV/4x4,Automatique,999,50,6,Traction,Essence
108031,audi,Q3,150000,80000,2021.0,SUV/4x4,Automatique,1498,40,8,Traction,Essence
105684,audi,Q4,180000,32000,2023.0,SUV/4x4,Automatique,1000,40,11,Propulsion,Electrique
108343,audi,A3,40000,222000,2010.0,Coupé,Manuelle,1598,50,5,Traction,Diesel
108812,audi,Q2,125000,75000,2021.0,SUV/4x4,Automatique,1498,40,8,Traction,Essence
108672,audi,Q4,169000,24500,2022.0,SUV/4x4,Automatique,899,50,9,Propulsion,Electrique
108628,audi,RS,400000,77000,2017.0,Coupé,Automatique,1230,20,48,Intégrale,Essence
108141,audi,A5,90000,200000,2017.0,Berline,Automatique,1395,40,8,Traction,Essence
106987,audi,A3,52000,130000,2014.0,Berline,Manuelle,1197,50,5,Traction,Essence
109125,bmw,SE,53000,120000,2012.0,Citadine,Automatique,1598,40,7,Traction,Essence
109084,bmw,SE,51500,127000,2012.0,Berline,Automatique,1598,40,7,Traction,Essence
108742,bmw,SE,236500,58000,2022.0,Berline,Automatique,1998,40,10,Traction,Hybride diesel
108476,bmw,SE,61500,139000,2012.0,Berline,Automatique,1988,40,10,Traction,Essence
108096,bmw,SE,39900,232000,2009.0,Coupé,Manuelle,1598,20,7,Traction,Essence
107978,bmw,SE,155500,200000,2012.0,Berline,Automatique,2998,40,20,Traction,Diesel
107778,bmw,SE,41000,241000,2008.0,Berline,Manuelle,1598,40,7,Traction,Essence
107560,bmw,SE,134000,135000,2018.0,Berline,Automatique,1598,40,10,Traction,Essence
107460,bmw,X5,68500,283000,2007.0,SUV/4x4,Automatique,2998,50,15,Traction,Diesel
106756,bmw,SE,79900,197000,2012.0,Berline,Automatique,1998,40,10,Traction,Essence
106399,bmw,X5,86000,159000,2010.0,SUV/4x4,Automatique,3498,50,19,Traction,Diesel
106096,bmw,X1,98000,78000,2020.0,SUV/4x4,Automatique,1498,40,8,Traction,Essence
106013,bmw,X5,65000,295000,2007.0,SUV/4x4,Automatique,2998,40,16,Traction,Diesel
105519,bmw,SE,85000,177000,2018.0,Berline,Automatique,1498,40,7,Traction,Essence
105377,bmw,SE,79500,179000,2013.0,Berline,Automatique,1999,40,10,Traction,Essence
105376,bmw,SE,115000,99000,2019.0,Coupé,Automatique,1498,40,7,Traction,Essence
104680,bmw,SE,120000,151000,2016.0,Berline,Automatique,1598,40,9,Traction,Essence
104328,bmw,SE,58000,105000,2016.0,Citadine,Manuelle,1598,40,6,Traction,Essence
104237,bmw,SE,120000,61000,2020.0,Coupé,Automatique,1498,40,8,Traction,Essence
103996,bmw,X2,134000,75000,2020.0,SUV/4x4,Automatique,1499,50,8,Traction,Essence
101464,bmw,X6,335000,85000,2015.0,SUV/4x4,Automatique,4398,40,34,Traction,Essence
99623,bmw,SE,85000,152000,2016.0,Berline,Automatique,1499,40,7,Traction,Essence
99121,bmw,SE,86000,151000,2014.0,Coupé,Automatique,,,10,Traction,Essence
97922,bmw,X3,75000,219000,2014.0,SUV/4x4,Automatique,1998,50,11,Traction,Essence
95527,bmw,SE,69000,201000,2014.0,Berline,Automatique,1598,40,7,Traction,Essence
95441,bmw,SE,80000,167000,2016.0,Berline,Automatique,,,7,Traction,Essence
81461,bmw,SE,225000,30000,2019.0,Berline,Automatique,,,10,Traction,Essence
81959,bmw,SE,115000,120000,2017.0,Berline,Automatique,899,50,7,Propulsion,Essence
107786,bmw,X5,265000,112000,2020.0,SUV/4x4,Automatique,3000,40,14,Traction,Essence
101321,bmw,SE,130000,132000,2018.0,Berline,Automatique,1598,40,10,Propulsion,Essence
108086,bmw,X2,132000,74000,2020.0,SUV/4x4,Automatique,1500,50,8,Traction,Essence
105849,bmw,SE,138500,40000,2022.0,Coupé,Automatique,1500,50,7,Traction,Essence
106325,bmw,SE,75000,182000,2014.0,Berline,Automatique,1600,50,9,Traction,Essence
106643,bmw,X1,85000,126000,2016.0,SUV/4x4,Automatique,1499,50,7,Traction,Essence
107896,bmw,SE,275000,80000,2018.0,Berline,Automatique,2000,40,15,Intégrale,Essence
107861,bmw,SE,85000,160000,2008.0,Berline,Automatique,4400,40,31,Intégrale,Essence
107859,bmw,SE,147000,70000,2018.0,Berline,Automatique,1600,40,10,Intégrale,Essence
107858,bmw,SE,90000,120000,2019.0,Berline,Automatique,1500,40,7,Intégrale,Essence
109456,bmw,X4,234000,119000,2019.0,SUV/4x4,Automatique,1998,50,16,Intégrale,Essence
102960,bmw,SE,89000,140000,2009.0,Berline,Automatique,2979,40,23,Traction,Essence
105014,bmw,SE,100000,48000,2017.0,Berline,Automatique,1500,40,7,Traction,Essence
107733,bmw,X1,92000,133000,2020.0,SUV/4x4,Automatique,1499,40,8,Traction,Essence
109351,bmw,SE,98000,120000,2019.0,Berline,Automatique,1500,50,7,Propulsion,Essence
109268,bmw,SE,37500,300000,2000.0,Coupé,Manuelle,2500,20,10,Traction,Essence
109266,bmw,SE,62000,280000,2013.0,Citadine,Automatique,2000,40,10,Traction,Essence
109263,bmw,X5,39000,310000,2003.0,Citadine,Manuelle,3000,40,11,Traction,Diesel
109013,bmw,SE,225000,10000,2021.0,Coupé,Automatique,2000,30,10,Traction,Essence
108974,bmw,SE,65000,170000,2013.0,Citadine,Automatique,1600,40,7,Traction,Essence
108973,bmw,SE,59000,270000,2011.0,Citadine,Automatique,2000,40,10,Traction,Diesel
108560,bmw,X6,95000,190000,2010.0,SUV/4x4,Automatique,3000,40,15,Traction,Diesel
108524,bmw,SE,92000,150000,2009.0,Berline,Automatique,5000,40,31,Traction,Essence
107635,bmw,SE,138000,173000,2021.0,Berline,Automatique,1600,50,10,Traction,Essence
107173,bmw,SE,63500,210000,2013.0,Berline,Automatique,1600,50,7,Propulsion,Essence
107033,bmw,SE,20900,180000,1988.0,Berline,Manuelle,2400,50,7,Propulsion,Diesel
106941,bmw,SE,87000,190000,2005.0,Berline,Automatique,3000,50,18,Propulsion,Diesel
106932,bmw,X6,98000,200000,2010.0,SUV/4x4,Automatique,3000,50,15,Intégrale,Diesel
106739,bmw,SE,62000,115000,2015.0,Compacte,Automatique,1600,40,9,Intégrale,Essence
109329,bmw,SE,81000,200000,2011.0,Berline,Automatique,1995,50,10,Traction,Diesel
104056,bmw,SE,74000,152000,2012.0,Coupé,Manuelle,2000,20,10,Traction,Essence
108177,bmw,SE,40000,131766,2009.0,Berline,Automatique,1600,40,7,Traction,Essence
107922,bmw,X3,65000,186000,2006.0,SUV/4x4,Automatique,3000,40,13,Traction,Diesel
106496,bmw,SE,62000,156000,2010.0,Coupé,Automatique,2000,20,9,Traction,Essence
100618,bmw,SE,65000,112000,2013.0,Berline,Automatique,1600,40,7,Traction,Essence
109066,bmw,SE,79000,142000,2016.0,Berline,Automatique,1499,50,7,Traction,Essence
109064,bmw,SE,66000,131000,2015.0,Citadine,Manuelle,1598,50,7,Traction,Essence
109063,bmw,SE,92000,92000,2016.0,Berline,Manuelle,1998,50,10,Traction,Essence
108412,bmw,SE,81000,111074,2019.0,Compacte,Automatique,1499,50,7,Traction,Essence
108399,bmw,X4,243000,50000,2019.0,SUV/4x4,Automatique,1998,50,11,Intégrale,Essence
106843,bmw,X1,175000,21000,2023.0,SUV/4x4,Automatique,1499,50,9,Traction,Essence
106641,bmw,X5,170000,214000,2018.0,SUV/4x4,Automatique,1995,50,13,Intégrale,Diesel
106640,bmw,X3,220000,69500,2020.0,SUV/4x4,Automatique,1995,50,8,Traction,Diesel
105677,bmw,SE,265000,20500,2023.0,Coupé,Automatique,1998,30,10,Traction,Essence
104988,bmw,X2,132000,38000,2018.0,SUV/4x4,Automatique,1499,50,7,Propulsion,Essence
104987,bmw,SE,105000,108000,2017.0,Berline,Automatique,1499,50,7,Traction,Essence
106989,bmw,SE,174000,80000,2021.0,Berline,Automatique,1600,50,9,Traction,Essence
104668,bmw,SE,178000,93000,2020.0,Berline,Automatique,1600,50,10,Traction,Essence
106373,bmw,SE,208000,32000,2021.0,Berline,Automatique,1600,40,10,Traction,Essence
103829,bmw,X6,98000,180000,2011.0,SUV/4x4,Automatique,3000,40,21,Intégrale,Essence
79830,bmw,SE,145000,90000,2019.0,Berline,Automatique,1498,40,7,Traction,Essence
109199,bmw,SE,89000,89000,2019.0,Berline,Automatique,1699,50,7,Traction,Essence
108805,bmw,X4,139000,140000,2018.0,SUV/4x4,Automatique,2000,50,10,Traction,Diesel
108734,bmw,SE,75000,165000,2016.0,Citadine,Automatique,1699,50,7,Traction,Essence
107692,bmw,SE,85000,190000,2009.0,Coupé,Automatique,2999,30,17,Traction,Essence
107513,bmw,SE,87000,180000,2015.0,Coupé,Automatique,1999,50,10,Traction,Essence
105615,bmw,SE,278000,50000,2021.0,Berline,Automatique,2500,50,10,Traction,Hybride essence
105580,bmw,SE,97000,133000,2016.0,Berline,Automatique,1799,50,7,Traction,Essence
105092,bmw,X5,455000,19000,2021.0,SUV/4x4,Automatique,3000,50,15,Traction,Hybride rechargeable essence
105050,bmw,SE,75000,200000,2019.0,Citadine,Automatique,1499,50,7,Traction,Essence
104956,bmw,SE,110000,98000,2010.0,Berline,Automatique,4000,50,23,Traction,Essence
104467,bmw,SE,135000,40000,2020.0,SUV/4x4,Automatique,1200,50,7,Traction,Essence
104155,bmw,SE,130000,140000,2021.0,Coupé,Automatique,1000,50,7,Traction,Essence
102963,bmw,SE,90000,200000,2015.0,Berline,Automatique,1999,50,10,Traction,Essence
102650,bmw,SE,68000,126000,2017.0,Citadine,Manuelle,1499,50,7,Traction,Essence
102086,bmw,SE,107000,160000,2015.0,Coupé,Automatique,1999,30,10,Traction,Essence
101720,bmw,SE,135000,21000,2022.0,Berline,Automatique,1200,50,8,Traction,Essence
100523,bmw,X6,110000,270000,2008.0,SUV/4x4,Automatique,3000,50,15,Traction,Diesel
99763,bmw,SE,88000,117000,2017.0,Berline,Automatique,1499,50,7,Traction,Essence
97946,bmw,SE,99000,100000,2018.0,Citadine,Automatique,,,7,Traction,Essence
97402,bmw,SE,92000,70000,2020.0,Citadine,Automatique,,,7,Traction,Essence
97252,bmw,SE,125000,110000,2017.0,Citadine,Automatique,,,7,Traction,Essence
95106,bmw,SE,45000,300000,2008.0,Berline,Automatique,,,22,Traction,Essence
91995,bmw,SE,110000,78000,2017.0,Coupé,Automatique,,,7,Traction,Essence
78787,bmw,SE,55000,220000,2008.0,Berline,Automatique,,,22,Traction,Essence
108737,bmw,X2,122000,76000,2020.0,Citadine,Automatique,1500,50,8,Traction,Essence
99452,bmw,SE,109000,119000,2016.0,Berline,Automatique,1600,50,9,Traction,Essence
109209,bmw,SE,128500,73000,2018.0,Berline,Automatique,1597,40,10,Propulsion,Essence
105539,bmw,SE,124500,155000,2017.0,Berline,Automatique,1600,50,10,Propulsion,Essence
99357,bmw,X1,129000,87000,2020.0,SUV/4x4,Automatique,1499,40,8,Traction,Essence
107784,bmw,SE,79000,145000,2016.0,Berline,Automatique,1500,40,7,Propulsion,Essence
102297,bmw,SE,65000,280000,2015.0,Berline,Automatique,2000,40,9,Traction,Essence
109433,bmw,SE,125000,17000,2022.0,Compacte,Automatique,1500,50,6,Traction,Essence
108982,bmw,SE,135000,100000,2019.0,Berline,Automatique,2000,50,10,Propulsion,Essence
108321,bmw,SE,55000,188000,2015.0,Berline,Manuelle,1598,40,7,Propulsion,Essence
108230,bmw,SE,55000,144000,2015.0,Citadine,Automatique,1598,50,7,Propulsion,Essence
108648,bmw,SE,52000,150000,2013.0,Berline,Automatique,1598,40,7,Traction,Essence
103468,bmw,SE,145000,120000,2016.0,Berline,Automatique,2000,40,10,Traction,Essence
106123,bmw,SE,118000,122000,2019.0,Coupé,Automatique,1499,40,7,Traction,Essence
106647,bmw,SE,67000,210000,2015.0,Berline,Automatique,1600,50,7,Propulsion,Essence
109095,bmw,SE,65000,82000,2013.0,Berline,Automatique,1598,50,7,Propulsion,Essence
109380,bmw,SE,160000,60000,2022.0,Berline,Automatique,1995,50,8,Intégrale,Diesel
109394,bmw,SE,166500,39000,2019.0,Berline,Automatique,1995,50,15,Propulsion,Essence
109383,bmw,SE,127000,79000,2021.0,Compacte,Automatique,3000,50,6,Traction,Essence
109375,bmw,SE,50000,170500,2013.0,Compacte,Automatique,1598,50,7,Traction,Essence
108154,bmw,SE,34500,220000,2006.0,Berline,Automatique,2000,40,9,Traction,Essence
107074,bmw,SE,77000,155000,2017.0,Berline,Automatique,1600,50,7,Propulsion,Essence
107077,bmw,SE,250000,2500,2021.0,Coupé,Automatique,2000,20,10,Propulsion,Essence
107434,bmw,SE,77000,152000,2017.0,Berline,Automatique,1800,40,7,Propulsion,Essence
107989,bmw,SE,175000,140000,2021.0,Berline,Automatique,2000,40,10,Traction,Essence
107025,bmw,X6,140000,190000,2011.0,SUV/4x4,Automatique,4000,40,22,Traction,Diesel
108326,bmw,SE,118000,107000,2020.0,Berline,Automatique,1800,40,7,Propulsion,Essence
109307,bmw,SE,95000,107000,2017.0,Berline,Automatique,1800,40,7,Propulsion,Essence
108622,bmw,SE,105000,102000,2016.0,Berline,Automatique,1598,40,9,Propulsion,Essence
108100,bmw,SE,60000,169000,2014.0,Citadine,Manuelle,3160,50,7,Traction,Essence
109306,bmw,X5,48000,180000,2004.0,SUV/4x4,Automatique,1000,50,21,Traction,Essence
109302,bmw,SE,58000,120000,2014.0,Compacte,Automatique,1000,50,9,Traction,Essence
108242,bmw,X5,148000,170000,2015.0,SUV/4x4,Automatique,2000,50,13,Intégrale,Diesel
107701,bmw,X4,258000,47000,2021.0,SUV/4x4,Automatique,3000,50,15,Traction,Essence
104087,bmw,X5,168000,102000,2016.0,SUV/4x4,Automatique,2000,50,13,Intégrale,Diesel
108080,bmw,SE,36500,251000,2012.0,Coupé,Manuelle,1596,30,7,Traction,Essence
109255,bmw,SE,69000,250000,2010.0,Berline,Automatique,2497,50,12,Propulsion,Essence
109139,bmw,SE,76000,72000,2018.0,Berline,Automatique,1499,40,7,Traction,Essence
108879,bmw,SE,178000,70000,2021.0,Berline,Automatique,1600,50,10,Traction,Essence
106069,bmw,X2,145000,67000,2019.0,SUV/4x4,Automatique,1499,40,8,Propulsion,Essence
109192,bmw,SE,115000,83000,2019.0,Berline,Automatique,1499,50,7,Propulsion,Essence
109191,bmw,SE,49000,250000,2007.0,Autres,Automatique,1995,30,10,Traction,Diesel
108393,bmw,M3,150000,140000,2008.0,Cabriolet,Automatique,4000,20,30,Propulsion,Essence
109165,bmw,SE,59000,200000,2014.0,Coupé,Manuelle,1598,50,7,Traction,Essence
108313,bmw,SE,115000,70000,2019.0,Berline,Automatique,1499,50,7,Traction,Essence
102656,bmw,X5,115000,126000,2010.0,Autres,Automatique,2993,50,10,Traction,Diesel
109135,bmw,SE,67000,60000,2016.0,Compacte,Automatique,1499,50,7,Propulsion,Essence
109073,bmw,SE,44000,178000,2011.0,Coupé,Manuelle,1995,20,8,Propulsion,Essence
109106,bmw,SE,125000,100000,2018.0,Berline,Automatique,1500,50,7,Propulsion,Essence
108397,bmw,SE,65000,258000,2013.0,Berline,Automatique,1995,40,7,Traction,Diesel
108376,bmw,SE,68000,139000,2014.0,Berline,Automatique,1000,50,10,Traction,Essence
108374,bmw,SE,41000,180000,2012.0,Compacte,Manuelle,1000,50,7,Traction,Essence
108216,bmw,SE,75000,180000,2010.0,Berline,Automatique,1000,50,10,Traction,Diesel
107371,bmw,X3,295000,60000,2022.0,SUV/4x4,Automatique,1000,50,11,Traction,Essence
105503,bmw,SE,170000,40000,2020.0,Berline,Automatique,1000,50,10,Traction,Essence
105502,bmw,X6,175000,90000,2010.0,SUV/4x4,Automatique,4395,50,48,Traction,Essence
100791,bmw,SE,148000,100000,2018.0,Berline,Automatique,1998,50,10,Traction,Essence
107855,bmw,SE,120000,97000,2017.0,Berline,Automatique,1597,40,10,Propulsion,Essence
109069,bmw,SE,43000,320000,2008.0,Berline,Manuelle,2497,50,14,Propulsion,Essence
109062,bmw,SE,210000,90000,2019.0,Berline,Automatique,1998,50,10,Propulsion,Hybride rechargeable essence
108992,bmw,IX,114000,104000,2020.0,SUV/4x4,Automatique,1499,50,6,Traction,Hybride rechargeable essence
108988,bmw,SE,125000,94000,2020.0,Citadine,Automatique,1500,50,8,Traction,Essence
106474,bmw,X6,68000,140000,2009.0,SUV/4x4,Automatique,3500,50,19,Intégrale,Essence
105290,bmw,SE,79000,117000,2017.0,Berline,Automatique,1600,40,7,Traction,Essence
104722,bmw,X1,79000,105000,2018.0,SUV/4x4,Automatique,1500,50,7,Traction,Essence
108980,bmw,X5,62000,154000,2008.0,SUV/4x4,Automatique,2993,40,19,Intégrale,Essence
101989,bmw,SE,150000,85000,2019.0,Coupé,Automatique,2000,20,11,Propulsion,Essence
108942,bmw,SE,73000,170000,2010.0,Berline,Automatique,1995,40,10,Intégrale,Diesel
105814,bmw,SE,100000,121000,2019.0,Berline,Automatique,1499,50,7,Traction,Essence
108920,bmw,SE,115000,110,2020.0,Citadine,Automatique,1499,50,8,Traction,Essence
108839,bmw,SE,51000,172000,2013.0,Coupé,Manuelle,900,20,6,Traction,Essence
107676,bmw,X2,183000,600,2024.0,SUV/4x4,Automatique,1499,40,8,Traction,Essence
108655,bmw,X4,243000,51000,2019.0,SUV/4x4,Automatique,1998,50,11,Intégrale,Essence
108697,bmw,X1,75000,107000,2016.0,SUV/4x4,Automatique,1499,50,7,Traction,Essence
108584,bmw,SE,40000,182000,2009.0,Coupé,Manuelle,1596,40,7,Traction,Essence
108677,bmw,SE,280000,80000,2022.0,Coupé,Automatique,1995,50,10,Intégrale,Diesel
108675,bmw,SE,55000,242500,2012.0,Berline,Manuelle,1999,40,10,Propulsion,Essence
108645,bmw,SE,90000,134000,2020.0,Berline,Manuelle,3000,40,6,Traction,Diesel
108639,bmw,X1,121000,108000,2020.0,SUV/4x4,Automatique,1500,50,8,Traction,Essence
107568,bmw,SE,49000,160000,2011.0,Coupé,Manuelle,1599,20,7,Propulsion,Essence
108492,bmw,SE,50000,208000,2010.0,Compacte,Manuelle,1995,40,9,Propulsion,Diesel
106461,bmw,SE,109000,107000,2017.0,Berline,Automatique,1699,40,9,Traction,Essence
107335,bmw,SE,60000,260000,2013.0,Berline,Automatique,1600,50,7,Traction,Essence
108268,bmw,X1,200000,12235,2024.0,SUV/4x4,Automatique,1499,50,8,Intégrale,Hybride rechargeable essence
106263,bmw,X2,140000,62190,2020.0,SUV/4x4,Automatique,1998,50,11,Traction,Essence
106236,bmw,SE,158000,64327,2020.0,Berline,Automatique,1998,40,10,Propulsion,Essence
108410,bmw,SE,120000,86000,2020.0,Berline,Automatique,1499,50,7,Propulsion,Essence
106706,bmw,SE,51000,238000,2014.0,Berline,Automatique,1598,50,7,Traction,Essence
108305,bmw,SE,89000,176000,2014.0,Autres,Manuelle,2000,50,7,Traction,Diesel
108212,bmw,SE,110000,180000,2017.0,Coupé,Automatique,2000,40,10,Propulsion,Essence
109469,hyundai,GR,47500,56000,2022.0,Citadine,Automatique,999,40,4,Traction,Essence
109248,hyundai,GR,50500,62000,2021.0,Citadine,Automatique,1198,40,5,Traction,Essence
108865,hyundai,H-,18000,999999,2006.0,Autres,Manuelle,2198,30,10,Traction,Essence
108863,hyundai,I2,79000,21000,2023.0,Citadine,Automatique,999,40,5,Traction,Essence
108796,hyundai,GR,42000,82000,2022.0,Citadine,Manuelle,999,40,4,Traction,Essence
108703,hyundai,TU,120000,109000,2021.0,SUV/4x4,Automatique,1598,40,7,Traction,Hybride diesel
108535,hyundai,H-,23000,224000,2002.0,Autres,Manuelle,2198,20,8,Traction,Diesel
108434,hyundai,AU,72000,26000,2021.0,Autres,Manuelle,2498,30,8,Traction,Diesel
108130,hyundai,GR,41500,97000,2020.0,Citadine,Automatique,999,40,4,Traction,Essence
107219,hyundai,GR,41900,43000,2021.0,Citadine,Manuelle,999,40,4,Traction,Essence
106655,hyundai,I2,43000,132000,2016.0,Citadine,Manuelle,1198,40,5,Traction,Essence
106012,hyundai,GR,49000,34000,2022.0,Citadine,Manuelle,1198,40,5,Traction,Essence
105059,hyundai,CO,30000,138000,2003.0,Coupé,Manuelle,1598,20,7,Traction,Essence
102539,hyundai,TU,167000,40000,2022.0,SUV/4x4,Automatique,1598,40,7,Traction,Hybride diesel
93674,hyundai,VE,44900,140000,2016.0,Citadine,Automatique,,,8,Traction,Essence
109464,hyundai,GR,38500,79500,2021.0,Citadine,Manuelle,998,50,4,Traction,Essence
108969,hyundai,TU,117000,115000,2021.0,SUV/4x4,Automatique,1598,50,7,Traction,Hybride diesel
108001,hyundai,TU,212000,0,2024.0,SUV/4x4,Automatique,1600,40,7,Intégrale,Hybride diesel
109451,hyundai,GR,33800,159000,2017.0,Citadine,Manuelle,1200,50,5,Traction,Essence
108935,hyundai,GR,34900,90000,2019.0,Berline,Manuelle,1200,50,5,Traction,Essence
108336,hyundai,GR,44500,19000,2022.0,Compacte,Manuelle,1000,50,4,Traction,Essence
105293,hyundai,TU,120000,82648,2020.0,Autres,Automatique,1598,40,7,Propulsion,Hybride diesel
109187,hyundai,IX,55000,324765,2013.0,SUV/4x4,Automatique,2000,40,11,Intégrale,Diesel
108400,hyundai,CR,74000,90500,2020.0,SUV/4x4,Automatique,1497,50,6,Traction,Essence
105425,hyundai,TU,142000,11500,2023.0,SUV/4x4,Automatique,1600,50,10,Intégrale,Essence
108705,hyundai,TU,147000,40000,2022.0,SUV/4x4,Automatique,1599,50,10,Intégrale,Essence
107314,hyundai,TU,129000,19000,2023.0,SUV/4x4,Automatique,1599,50,9,Traction,Essence
105051,hyundai,TU,138000,120000,2022.0,SUV/4x4,Automatique,2000,50,10,Traction,Hybride essence
104302,hyundai,TU,137000,80000,2021.0,SUV/4x4,Automatique,1599,50,7,Traction,Hybride diesel
100062,hyundai,KO,79000,30000,2021.0,SUV/4x4,Manuelle,1599,50,6,Traction,Hybride essence
99925,hyundai,GR,53000,30000,2022.0,Citadine,Manuelle,1199,50,5,Traction,Essence
99645,hyundai,GR,53000,54000,2021.0,Citadine,Automatique,1199,50,5,Traction,Essence
97904,hyundai,TU,161000,24000,2023.0,SUV/4x4,Automatique,1599,50,10,Traction,Essence
97901,hyundai,TU,87000,120000,2020.0,SUV/4x4,Automatique,,,8,Traction,Essence
107911,hyundai,CR,74000,76000,2019.0,Citadine,Manuelle,1600,50,7,Traction,Essence
104720,hyundai,VE,112000,87000,2019.0,Coupé,Automatique,1600,40,11,Traction,Essence
99439,hyundai,TU,145000,51000,2021.0,SUV/4x4,Automatique,1600,50,7,Traction,Hybride diesel
108851,hyundai,IX,66500,160000,2016.0,SUV/4x4,Automatique,1699,40,11,Traction,Diesel
108683,hyundai,I2,64000,54000,2022.0,Compacte,Manuelle,1198,50,5,Traction,Essence
108950,hyundai,I2,53500,76000,2022.0,Compacte,Manuelle,1198,50,5,Traction,Essence
108508,hyundai,GR,48500,47000,2023.0,Compacte,Manuelle,1198,50,5,Traction,Essence
108298,hyundai,TU,100000,81000,2018.0,SUV/4x4,Automatique,2000,50,10,Traction,Diesel
107956,hyundai,TU,178000,16000,2023.0,SUV/4x4,Automatique,1600,50,7,Traction,Diesel
108442,hyundai,GR,51000,69000,2021.0,Monospace,Automatique,1200,50,5,Traction,Essence
109389,hyundai,I2,64000,55500,2022.0,Citadine,Manuelle,1197,50,5,Traction,Essence
109316,hyundai,KO,89000,22000,2020.0,SUV/4x4,Automatique,1600,50,5,Intégrale,Hybride essence
109378,hyundai,I2,45000,163000,2019.0,Citadine,Manuelle,1200,50,5,Traction,Essence
103544,hyundai,KO,100000,20000,2023.0,SUV/4x4,Automatique,1600,50,11,Intégrale,Essence
108272,hyundai,TU,145000,37000,2022.0,SUV/4x4,Automatique,1600,50,10,Intégrale,Essence
109331,hyundai,I2,41500,123500,2017.0,Citadine,Manuelle,1197,40,5,Traction,Essence
109321,hyundai,CR,82500,52000,2020.0,SUV/4x4,Automatique,1500,50,7,Traction,Essence
108048,hyundai,TU,98000,80000,2020.0,SUV/4x4,Automatique,1600,50,7,Traction,Diesel
109018,hyundai,GR,37000,134000,2017.0,Berline,Manuelle,1200,50,5,Traction,Essence
109194,hyundai,I2,64500,26100,2022.0,Citadine,Manuelle,1200,50,5,Traction,Essence
109161,hyundai,GR,32000,208000,2015.0,Citadine,Manuelle,1248,50,5,Traction,Essence
108945,hyundai,EL,63500,65000,2017.0,Berline,Manuelle,1593,40,7,Traction,Essence
107714,hyundai,I3,85000,19000,2022.0,Berline,Automatique,1000,50,8,Traction,Essence
109127,hyundai,GR,46000,85000,2022.0,Citadine,Manuelle,900,40,4,Traction,Essence
108110,hyundai,GR,40500,80000,2022.0,Citadine,Manuelle,998,40,4,Traction,Essence
101672,hyundai,VE,49000,100000,2013.0,Compacte,Automatique,1000,50,11,Traction,Essence
105905,hyundai,GR,45000,15000,2019.0,Berline,Manuelle,1198,50,5,Traction,Essence
108720,hyundai,I2,65000,56000,2022.0,Citadine,Manuelle,1200,50,5,Traction,Essence
109008,hyundai,TU,90000,130000,2020.0,Monospace,Automatique,1600,40,8,Traction,Essence
103809,hyundai,TU,162000,24000,2022.0,SUV/4x4,Automatique,1600,50,10,Intégrale,Essence
107883,hyundai,GR,30000,150000,2017.0,Citadine,Manuelle,1198,50,5,Traction,Essence
108733,hyundai,GR,39800,57000,2021.0,Coupé,Manuelle,1000,50,4,Traction,Essence
108897,hyundai,I2,60000,47000,2022.0,Compacte,Manuelle,3000,40,5,Traction,Essence
108869,hyundai,I2,45000,150000,2019.0,Citadine,Manuelle,1197,50,5,Traction,Essence
108852,hyundai,TU,84000,215000,2015.0,SUV/4x4,Automatique,1999,40,11,Intégrale,Essence
108429,hyundai,I2,32000,245000,2015.0,Compacte,Manuelle,1197,50,4,Traction,Essence
108307,hyundai,GR,52000,24000,2021.0,Coupé,Automatique,1197,40,5,Traction,Essence
108666,hyundai,TU,168000,0,2024.0,SUV/4x4,Automatique,1598,50,10,Traction,Essence
108661,hyundai,VE,45000,80000,2012.0,Autres,Automatique,1591,30,8,Traction,Essence
108543,hyundai,CR,80000,90500,2019.0,SUV/4x4,Automatique,1591,50,7,Traction,Essence
108521,hyundai,GR,37000,194000,2017.0,Berline,Manuelle,1197,50,5,Traction,Essence
107688,hyundai,TU,105000,120000,2020.0,SUV/4x4,Automatique,5555,50,7,Traction,Hybride diesel
107194,hyundai,GR,40000,116000,2020.0,Citadine,Automatique,1200,50,5,Traction,Essence
109441,kia,CE,42000,189000,2015.0,Berline,Manuelle,1598,40,7,Traction,Essence
109438,kia,RI,49500,112000,2022.0,Citadine,Manuelle,1198,50,5,Traction,Essence
109224,kia,PI,32500,100000,2013.0,Citadine,Automatique,1198,40,5,Traction,Essence
109221,kia,SO,58000,273000,2013.0,SUV/4x4,Automatique,2198,40,12,Traction,Diesel
109146,kia,SP,120000,79000,2020.0,SUV/4x4,Automatique,1598,40,7,Traction,Diesel
108747,kia,OP,40000,206000,2012.0,Berline,Automatique,1998,40,10,Traction,Essence
108746,kia,RI,44500,87000,2017.0,Berline,Manuelle,1198,40,5,Traction,Essence
108618,kia,PI,40900,111000,2019.0,Citadine,Automatique,1198,40,5,Traction,Essence
108532,kia,SP,100000,143000,2016.0,SUV/4x4,Automatique,1998,40,10,Traction,Diesel
108129,kia,SP,76000,150000,2018.0,SUV/4x4,Automatique,1598,40,8,Traction,Essence
107826,kia,PI,42500,91000,2021.0,Citadine,Automatique,1198,40,5,Traction,Essence
106607,kia,OP,45500,176000,2014.0,Berline,Automatique,1998,40,10,Traction,Essence
105926,kia,OP,38000,379000,2012.0,Berline,Automatique,1998,40,10,Traction,Essence
104891,kia,SP,47000,232000,2011.0,SUV/4x4,Automatique,1999,50,11,Traction,Essence
104678,kia,RI,69900,35000,2022.0,Berline,Automatique,1398,40,6,Traction,Essence
103833,kia,SO,89000,209000,2015.0,SUV/4x4,Automatique,2199,50,12,Traction,Diesel
102866,kia,SP,54000,324000,2012.0,SUV/4x4,Automatique,1995,40,11,Traction,Diesel
97316,kia,SP,85000,101000,2018.0,SUV/4x4,Automatique,1598,,8,Traction,Essence
96785,kia,SO,60000,210000,2012.0,SUV/4x4,Automatique,,,12,Traction,Diesel
94919,kia,SP,110000,132000,2018.0,Citadine,Automatique,1999,50,10,Traction,Diesel
109144,kia,CE,41500,180000,2014.0,Berline,Automatique,1598,50,8,Traction,Essence
106266,kia,RI,29000,170000,2010.0,Berline,Manuelle,1399,40,6,Traction,Essence
101396,kia,SP,98000,119000,2019.0,SUV/4x4,Automatique,1599,50,7,Traction,Diesel
106008,kia,RI,56000,117000,2021.0,Compacte,Manuelle,1200,50,5,Traction,Essence
108222,kia,RI,49000,145000,2019.0,Citadine,Manuelle,1560,50,5,Traction,Essence
109374,kia,SP,112000,85000,2021.0,SUV/4x4,Automatique,1600,40,11,Traction,Essence
109267,kia,RI,52500,80000,2018.0,Coupé,Manuelle,1200,40,5,Traction,Essence
108209,kia,PI,42900,90000,2022.0,Compacte,Manuelle,1200,50,5,Traction,Essence
107143,kia,SE,95000,37000,2021.0,SUV/4x4,Automatique,1600,40,8,Traction,Essence
106929,kia,SP,148600,39000,2022.0,SUV/4x4,Automatique,1600,40,10,Intégrale,Essence
106745,kia,SP,97000,140000,2016.0,SUV/4x4,Automatique,2000,50,10,Propulsion,Diesel
106741,kia,RI,58000,114000,2019.0,Berline,Automatique,1400,40,6,Traction,Essence
109450,kia,SP,49000,220000,2010.0,SUV/4x4,Automatique,6000,50,11,Traction,Essence
106713,kia,CA,45000,213000,2014.0,SUV/4x4,Automatique,1685,40,8,Intégrale,Diesel
107724,kia,SP,114000,55000,2021.0,SUV/4x4,Automatique,1598,40,7,Traction,Diesel
109188,kia,SP,155000,37400,2023.0,SUV/4x4,Automatique,1600,40,10,Traction,Hybride essence
108448,kia,RI,54000,68954,2019.0,Berline,Manuelle,1200,40,5,Traction,Essence
107664,kia,PI,43000,3805,2021.0,Berline,Manuelle,1000,40,4,Traction,Essence
105623,kia,PI,61000,0,2024.0,Berline,Automatique,1200,40,5,Traction,Essence
104705,kia,SP,103000,77000,2021.0,SUV/4x4,Automatique,1591,50,8,Traction,Essence
104450,kia,SP,76000,123000,2019.0,SUV/4x4,Automatique,1591,50,8,Traction,Essence
109341,kia,PI,47000,16000,2019.0,Autres,Automatique,1200,50,5,Traction,Essence
108496,kia,PI,54500,63000,2022.0,Autres,Automatique,1200,40,4,Traction,Essence
108020,kia,RI,57500,70000,2020.0,Citadine,Manuelle,1200,50,5,Traction,Essence
107659,kia,RI,62000,70000,2021.0,Citadine,Manuelle,1200,50,5,Traction,Essence
107627,kia,SP,188000,15000,2024.0,SUV/4x4,Automatique,1999,50,7,Traction,Hybride diesel
107575,kia,RI,73000,9000,2023.0,Citadine,Manuelle,1199,50,5,Traction,Essence
106121,kia,SE,89000,130000,2021.0,SUV/4x4,Automatique,1599,50,8,Traction,Essence
105619,kia,RI,65000,60000,2021.0,Citadine,Manuelle,1200,50,5,Traction,Essence
105371,kia,RI,59650,85000,2022.0,Citadine,Manuelle,1199,50,5,Traction,Essence
105291,kia,SP,107000,114000,2021.0,SUV/4x4,Automatique,1599,50,7,Traction,Hybride diesel
105249,kia,SP,128000,19000,2021.0,SUV/4x4,Manuelle,1599,50,7,Traction,Diesel
105047,kia,SP,105000,140000,2017.0,SUV/4x4,Automatique,2000,50,10,Traction,Diesel
104750,kia,RI,64000,64000,2021.0,Citadine,Manuelle,1200,50,5,Traction,Essence
104723,kia,SP,83500,127000,2019.0,SUV/4x4,Automatique,1699,50,8,Traction,Essence
104332,kia,SP,98000,140000,2020.0,SUV/4x4,Automatique,1599,50,7,Traction,Hybride diesel
104303,kia,SP,85000,125000,2019.0,SUV/4x4,Automatique,1599,50,8,Traction,Essence
103599,kia,SP,95000,69000,2019.0,SUV/4x4,Automatique,1599,50,8,Traction,Essence
101751,kia,SP,119000,40000,2020.0,SUV/4x4,Automatique,1600,50,8,Traction,Essence
100281,kia,SP,143000,23000,2022.0,SUV/4x4,Automatique,1599,50,10,Traction,Essence
99793,kia,SP,119000,120000,2021.0,SUV/4x4,Automatique,1599,50,6,Traction,Hybride rechargeable diesel
109435,kia,CE,32500,205000,2010.0,Coupé,Manuelle,1600,50,7,Traction,Essence
108916,kia,PI,46500,28000,2021.0,Citadine,Automatique,1200,50,4,Traction,Essence
108055,kia,RI,62500,68000,2021.0,Citadine,Manuelle,1200,50,5,Traction,Essence
106596,kia,SP,97000,124000,2019.0,Autres,Automatique,1600,50,8,Traction,Diesel
105468,kia,SP,149000,40000,2023.0,SUV/4x4,Automatique,1999,40,10,Intégrale,Hybride essence
109076,kia,SP,122000,30000,2022.0,Compacte,Automatique,1000,40,10,Traction,Essence
107288,kia,RI,51500,84000,2021.0,Compacte,Manuelle,1198,50,5,Traction,Essence
106747,kia,CE,52000,178000,2019.0,Compacte,Manuelle,1398,50,6,Traction,Essence
108510,kia,RI,49800,124000,2021.0,Compacte,Manuelle,1198,50,5,Traction,Essence
108188,kia,SO,72000,352000,2015.0,SUV/4x4,Automatique,2200,50,12,Traction,Diesel
108686,kia,RI,65000,72000,2021.0,Compacte,Manuelle,1198,50,5,Traction,Essence
107365,kia,SP,75000,96000,2018.0,SUV/4x4,Automatique,1600,50,8,Traction,Essence
109422,kia,CE,38500,250000,2014.0,Berline,Automatique,1599,50,8,Intégrale,Essence
108224,kia,SP,91000,139000,2018.0,SUV/4x4,Automatique,1685,50,7,Traction,Diesel
109071,kia,SP,92000,155000,2017.0,SUV/4x4,Automatique,2000,50,10,Traction,Diesel
100885,kia,SP,118000,140000,2018.0,SUV/4x4,Automatique,2000,50,10,Traction,Diesel
108102,kia,SP,139000,37000,2022.0,SUV/4x4,Automatique,1599,50,10,Intégrale,Essence
109278,kia,PI,31500,73000,2012.0,Berline,Automatique,1200,50,5,Traction,Essence
108727,kia,SP,108000,110000,2020.0,SUV/4x4,Automatique,2000,40,11,Intégrale,Essence
108390,kia,RI,62500,107000,2021.0,Compacte,Manuelle,1200,40,5,Traction,Essence
107190,kia,SP,55000,379000,2015.0,SUV/4x4,Manuelle,1700,40,7,Traction,Diesel
108898,kia,RI,49000,130000,2021.0,Coupé,Manuelle,1200,40,5,Propulsion,Essence
109303,kia,RI,37500,126000,2018.0,Berline,Manuelle,1200,40,5,Traction,Essence
109363,kia,PI,41000,167000,2018.0,Citadine,Automatique,1248,40,4,Traction,Essence
109179,kia,PI,39900,109000,2018.0,Citadine,Automatique,1400,50,5,Traction,Essence
109325,kia,ST,66000,90000,2020.0,Citadine,Manuelle,998,50,6,Intégrale,Essence
109173,kia,RI,62000,51000,2021.0,Citadine,Manuelle,1200,50,5,Traction,Essence
107100,kia,SP,160000,3583,2024.0,SUV/4x4,Automatique,1598,50,10,Traction,Hybride essence
109277,kia,RI,59000,40000,2021.0,Citadine,Manuelle,1199,50,5,Traction,Essence
109059,kia,RI,53750,110000,2020.0,Coupé,Manuelle,1248,50,5,Traction,Essence
107619,kia,RI,47000,69000,2019.0,Citadine,Manuelle,1197,50,5,Traction,Essence
107860,kia,RI,49900,103000,2018.0,Citadine,Manuelle,1199,50,5,Traction,Essence
108415,kia,QU,95000,134000,2014.0,Berline,Automatique,3778,50,20,Propulsion,Essence
108259,kia,CE,30000,204000,2010.0,Coupé,Manuelle,1591,30,7,Traction,Essence
108929,kia,RI,52000,90500,2020.0,Berline,Manuelle,1193,40,6,Traction,Essence
109162,kia,PI,35000,107000,2014.0,Compacte,Automatique,1000,40,5,Traction,Essence
108068,kia,SP,89000,105000,2018.0,SUV/4x4,Manuelle,1600,50,6,Traction,Diesel
109090,kia,PI,46900,86000,2021.0,Citadine,Automatique,1197,50,4,Traction,Essence
108989,kia,RI,36500,176600,2013.0,Citadine,Manuelle,1200,50,5,Traction,Essence
107516,kia,SP,112000,50000,2021.0,SUV/4x4,Automatique,1600,50,11,Intégrale,Essence
107318,kia,SP,89000,124000,2020.0,SUV/4x4,Automatique,1600,50,8,Traction,Essence
108143,kia,SE,115000,14150,2023.0,Autres,Automatique,1353,50,8,Traction,Essence
108943,kia,RI,68000,77000,2020.0,Berline,Automatique,1400,50,6,Traction,Essence
108906,kia,SP,78000,117000,2018.0,SUV/4x4,Automatique,1591,40,8,Traction,Essence
108876,kia,SP,85000,175000,2019.0,SUV/4x4,Automatique,1000,50,8,Intégrale,Essence
108859,kia,RI,64000,62300,2021.0,Compacte,Manuelle,999,50,5,Traction,Essence
106054,kia,SP,81000,99000,2019.0,SUV/4x4,Manuelle,1600,50,6,Propulsion,Diesel
108728,kia,SP,79500,141000,2018.0,SUV/4x4,Automatique,1500,50,7,Traction,Essence
108725,kia,SP,49000,230000,2010.0,SUV/4x4,Manuelle,1800,50,10,Propulsion,Diesel
108708,kia,RI,63500,86000,2022.0,Compacte,Manuelle,1197,50,5,Traction,Essence
108674,kia,SP,95000,90000,2021.0,SUV/4x4,Automatique,1600,50,11,Intégrale,Essence
108698,kia,PI,38500,60000,2020.0,Citadine,Manuelle,1136,50,4,Traction,Essence
108556,kia,XC,97500,48000,2023.0,SUV/4x4,Automatique,1500,50,9,Traction,Essence
108461,kia,SP,82000,99000,2017.0,SUV/4x4,Automatique,1600,50,8,Propulsion,Essence
108585,kia,PI,47500,29000,2021.0,Citadine,Manuelle,1200,50,5,Traction,Essence
108576,kia,SP,82000,200000,2017.0,SUV/4x4,Automatique,1685,50,7,Intégrale,Diesel
108557,kia,CA,47000,240000,2014.0,Autres,Automatique,1685,50,8,Intégrale,Diesel
108541,kia,CE,38000,290000,2013.0,Citadine,Manuelle,1591,40,7,Traction,Essence
108488,kia,PI,39000,133000,2019.0,Compacte,Manuelle,906,50,4,Traction,Essence
108463,kia,RI,37500,103000,2014.0,Citadine,Manuelle,1468,20,5,Intégrale,Essence
108029,kia,SP,75000,111000,2019.0,SUV/4x4,Automatique,1600,50,8,Traction,Essence
107742,kia,PI,45800,74000,2019.0,Citadine,Automatique,1200,50,5,Propulsion,Essence
108428,kia,XC,110000,35000,2023.0,SUV/4x4,Automatique,1482,50,9,Traction,Essence
108406,kia,CE,43000,114000,2014.0,Coupé,Manuelle,1598,50,7,Traction,Essence
108378,kia,RI,35000,93000,2014.0,Berline,Manuelle,1200,40,6,Traction,Essence
108111,kia,RI,65900,40500,2021.0,Citadine,Manuelle,1197,40,5,Traction,Essence
108269,kia,RI,64000,65000,2021.0,Compacte,Manuelle,1197,50,5,Traction,Essence
108262,kia,RI,30000,156900,2011.0,Berline,Manuelle,1399,40,6,Traction,Essence
105724,kia,RI,49000,98000,2018.0,Citadine,Manuelle,1197,50,5,Traction,Essence
103219,kia,PI,51500,27000,2022.0,Citadine,Automatique,1200,50,5,Traction,Essence
109348,kia,SE,95000,60000,2021.0,Autres,Automatique,1453,50,8,Intégrale,Essence
107935,kia,RI,37500,150000,2016.0,Berline,Manuelle,1240,40,5,Intégrale,Essence
109439,mercedes-benz,CL,59900,316000,2015.0,Berline,Manuelle,1598,40,8,Traction,Essence
109386,mercedes-benz,CL,53000,190000,2011.0,Berline,Automatique,1798,40,11,Traction,Essence
108899,mercedes-benz,CL,144900,100000,2020.0,Berline,Automatique,1298,40,7,Traction,Essence
108748,mercedes-benz,CL,105000,172000,2018.0,Berline,Automatique,1598,40,8,Traction,Essence
108533,mercedes-benz,ML,80000,240000,2009.0,SUV/4x4,Automatique,2987,40,15,Traction,Diesel
108367,mercedes-benz,ML,38000,283000,2006.0,SUV/4x4,Automatique,2987,40,15,Traction,Diesel
108289,mercedes-benz,CL,56000,174000,2014.0,Citadine,Manuelle,1598,40,6,Traction,Essence
108035,mercedes-benz,CL,110000,252000,2017.0,Berline,Automatique,1598,40,9,Traction,Essence
107973,mercedes-benz,ML,56000,237000,2006.0,SUV/4x4,Automatique,2998,40,15,Traction,Diesel
107754,mercedes-benz,CL,119000,146000,2017.0,Berline,Automatique,1595,40,8,Traction,Essence
107711,mercedes-benz,CL,260000,37000,2021.0,Berline,Automatique,1998,40,10,Traction,Hybride essence
107606,mercedes-benz,CL,78000,112000,2007.0,Berline,Automatique,3498,40,19,Traction,Essence
107559,mercedes-benz,CL,49500,194000,2009.0,Coupé,Automatique,1798,20,12,Traction,Essence
107404,mercedes-benz,CL,63900,189000,2009.0,Berline,Automatique,2198,40,11,Traction,Diesel
107285,mercedes-benz,CL,77500,191000,2013.0,Berline,Automatique,1598,40,8,Traction,Essence
106865,mercedes-benz,CL,185370,36000,2022.0,Berline,Automatique,1332,40,7,Traction,Essence
106153,mercedes-benz,CL,57000,160000,2009.0,Berline,Automatique,2198,40,12,Traction,Diesel
106098,mercedes-benz,CL,125000,157000,2016.0,Berline,Automatique,1598,40,6,Traction,Diesel
106095,mercedes-benz,CL,248000,15000,2022.0,Berline,Automatique,1498,40,9,Traction,Essence
105864,mercedes-benz,CL,49500,185000,2009.0,Berline,Automatique,1598,40,9,Traction,Essence
105656,mercedes-benz,GL,92000,97000,2016.0,Citadine,Automatique,1598,40,8,Traction,Essence
105520,mercedes-benz,CL,135000,113000,2017.0,Berline,Automatique,1598,40,8,Traction,Essence
105240,mercedes-benz,CL,129000,101000,2020.0,Citadine,Automatique,1298,40,7,Traction,Essence
105236,mercedes-benz,CL,119000,223000,2017.0,Berline,Automatique,1598,40,9,Traction,Essence
105174,mercedes-benz,CL,145000,112000,2019.0,Berline,Automatique,1498,40,10,Traction,Hybride essence
104102,mercedes-benz,CL,92000,239000,2017.0,Berline,Automatique,1598,40,7,Traction,Essence
104066,mercedes-benz,CL,55000,199000,2010.0,Berline,Automatique,1789,40,11,Traction,Essence
103521,mercedes-benz,CL,149500,70000,2021.0,Berline,Automatique,1298,40,7,Traction,Essence
103312,mercedes-benz,CL,64500,238000,2009.0,Berline,Automatique,2143,50,9,Propulsion,Diesel
103129,mercedes-benz,CL,85900,137000,2019.0,Citadine,Automatique,1298,40,7,Traction,Essence
102615,mercedes-benz,GL,118000,65000,2016.0,Citadine,Automatique,1595,40,8,Traction,Essence
102142,mercedes-benz,CL,62000,182000,2013.0,Citadine,Manuelle,1598,40,7,Traction,Essence
101641,mercedes-benz,CL,115000,20000,2018.0,Berline,Automatique,1598,40,7,Traction,Essence
100742,mercedes-benz,CL,95000,151000,2008.0,Berline,Automatique,3499,40,19,Traction,Essence
99747,mercedes-benz,CL,134900,59000,2019.0,Berline,Automatique,1299,40,7,Traction,Essence
98425,mercedes-benz,CL,32000,276000,2003.0,Berline,Automatique,1998,40,10,Traction,Essence
92747,mercedes-benz,CL,55500,178000,2009.0,Berline,Automatique,2897,40,15,Propulsion,Essence
88712,mercedes-benz,CL,119000,143000,2018.0,Berline,Automatique,1598,40,9,Traction,Essence
108682,mercedes-benz,ML,80000,160000,2010.0,Berline,Automatique,3500,50,15,Intégrale,Diesel
108340,mercedes-benz,CL,170000,25000,2021.0,Berline,Automatique,1399,40,8,Traction,Hybride essence
106120,mercedes-benz,CL,130000,35000,2020.0,Citadine,Automatique,1500,50,8,Traction,Hybride rechargeable essence
109001,mercedes-benz,CL,228000,98000,2021.0,Berline,Automatique,1998,50,11,Traction,Hybride rechargeable diesel
105972,mercedes-benz,CL,145000,138000,2020.0,Berline,Automatique,1499,50,6,Traction,Diesel
87599,mercedes-benz,CL,62000,160000,2011.0,Coupé,Automatique,899,30,11,Propulsion,Essence
108909,mercedes-benz,GL,197000,130000,2018.0,Autres,Automatique,1991,50,10,Traction,Hybride rechargeable essence
107366,mercedes-benz,CL,168000,158000,2020.0,Berline,Automatique,1597,50,8,Traction,Diesel
109424,mercedes-benz,CL,166000,65000,2022.0,Berline,Automatique,1300,40,8,Traction,Essence
103889,mercedes-benz,GL,256000,29000,2021.0,SUV/4x4,Automatique,1998,50,12,Propulsion,Hybride rechargeable essence
109215,mercedes-benz,CL,125000,35000,2019.0,Citadine,Automatique,1332,50,8,Traction,Essence
106625,mercedes-benz,CL,138000,132000,2017.0,Berline,Automatique,1600,50,9,Traction,Essence
107439,mercedes-benz,CL,55500,235000,2013.0,Berline,Manuelle,1600,50,9,Traction,Essence
106289,mercedes-benz,CL,89000,164000,2014.0,Berline,Automatique,1600,50,9,Traction,Essence
109019,mercedes-benz,GL,285000,46000,2021.0,SUV/4x4,Automatique,1999,50,10,Traction,Hybride rechargeable essence
108443,mercedes-benz,CL,150000,115000,2020.0,Berline,Automatique,1600,40,8,Intégrale,Diesel
108003,mercedes-benz,CL,430000,0,2024.0,Berline,Automatique,2000,40,10,Intégrale,Essence
107983,mercedes-benz,GL,420000,30000,2022.0,SUV/4x4,Automatique,2000,40,8,Intégrale,Hybride rechargeable diesel
107981,mercedes-benz,GL,440000,0,2024.0,SUV/4x4,Automatique,2000,40,11,Intégrale,Hybride rechargeable essence
107979,mercedes-benz,CL,185000,9000,2020.0,Berline,Automatique,1500,40,10,Intégrale,Hybride essence
107959,mercedes-benz,CL,110000,60000,2012.0,Berline,Automatique,3000,40,15,Intégrale,Essence
107941,mercedes-benz,ML,75000,127000,2010.0,SUV/4x4,Automatique,3500,40,19,Intégrale,Essence
107937,mercedes-benz,CL,220000,16000,2023.0,Berline,Automatique,1400,40,9,Intégrale,Hybride rechargeable essence
109458,mercedes-benz,GL,250000,24804,2020.0,SUV/4x4,Automatique,1991,40,11,Traction,Essence
102855,mercedes-benz,CL,95000,115000,2008.0,Coupé,Automatique,2510,40,30,Traction,Essence
108810,mercedes-benz,CL,139000,36000,2020.0,Berline,Automatique,1497,40,9,Traction,Essence
106960,mercedes-benz,CL,230000,80000,2019.0,Coupé,Automatique,2000,20,12,Traction,Essence
109452,mercedes-benz,CL,149000,112000,2020.0,Berline,Automatique,1332,40,8,Traction,Essence
109416,mercedes-benz,ML,70000,195000,2011.0,SUV/4x4,Automatique,3500,50,19,Propulsion,Essence
108894,mercedes-benz,CL,240000,100000,2021.0,Berline,Automatique,2000,50,11,Traction,Hybride rechargeable diesel
108356,mercedes-benz,CL,78000,160000,2013.0,Berline,Automatique,1800,40,8,Intégrale,Essence
108194,mercedes-benz,CL,85000,250000,2011.0,Citadine,Automatique,3000,40,10,Traction,Diesel
107988,mercedes-benz,CL,118000,154000,2018.0,Berline,Automatique,1600,50,9,Traction,Essence
107987,mercedes-benz,CL,128000,107000,2018.0,Berline,Automatique,1600,50,9,Traction,Essence
107946,mercedes-benz,CL,110000,120000,2019.0,Berline,Automatique,2000,50,8,Propulsion,Essence
107888,mercedes-benz,GL,153000,142000,2017.0,SUV/4x4,Automatique,2000,50,12,Traction,Essence
107641,mercedes-benz,GL,375000,74000,2021.0,SUV/4x4,Automatique,3500,40,8,Propulsion,Hybride rechargeable diesel
106928,mercedes-benz,GL,115000,67000,2016.0,SUV/4x4,Automatique,2000,40,8,Intégrale,Essence
106743,mercedes-benz,CL,59000,161000,2009.0,Berline,Automatique,2500,40,12,Propulsion,Diesel
106728,mercedes-benz,ML,79000,250000,2010.0,SUV/4x4,Automatique,3200,50,15,Intégrale,Diesel
108359,mercedes-benz,CL,165000,54000,2018.0,Berline,Automatique,1497,50,11,Intégrale,Hybride essence
108226,mercedes-benz,CL,135000,66000,2021.0,Berline,Automatique,1332,50,8,Traction,Hybride rechargeable essence
109446,mercedes-benz,CL,57000,280000,2009.0,Berline,Automatique,3000,50,10,Intégrale,Diesel
107892,mercedes-benz,CL,225000,32178,2022.0,Berline,Automatique,1496,40,11,Intégrale,Essence
106788,mercedes-benz,CL,175000,72290,2016.0,Coupé,Automatique,1991,40,26,Traction,Essence
101792,mercedes-benz,GL,365000,26997,2023.0,SUV/4x4,Automatique,1999,40,12,Intégrale,Hybride essence
108665,mercedes-benz,GL,380000,1000,2024.0,SUV/4x4,Automatique,1989,40,11,Propulsion,Essence
109322,mercedes-benz,CL,64000,150000,2009.0,Berline,Automatique,2996,50,15,Traction,Essence
109189,mercedes-benz,GL,260000,41765,2021.0,SUV/4x4,Automatique,2000,40,12,Traction,Hybride rechargeable essence
108962,mercedes-benz,CL,240000,100756,2021.0,Berline,Automatique,2000,40,11,Traction,Hybride rechargeable diesel
108928,mercedes-benz,GL,260000,47000,2021.0,SUV/4x4,Automatique,2000,40,12,Traction,Hybride rechargeable essence
108827,mercedes-benz,CL,97000,125043,2018.0,Berline,Automatique,1600,40,7,Traction,Essence
108175,mercedes-benz,CL,165000,55001,2019.0,Berline,Automatique,1600,40,9,Traction,Essence
108174,mercedes-benz,CL,275000,0,2024.0,Berline,Automatique,1400,40,9,Traction,Essence
107925,mercedes-benz,GL,230000,10730,2023.0,SUV/4x4,Automatique,1400,40,8,Traction,Hybride rechargeable essence
107923,mercedes-benz,CL,390000,10776,2023.0,Berline,Automatique,2000,40,11,Traction,Essence
107921,mercedes-benz,CL,185000,50893,2022.0,Berline,Automatique,1500,40,9,Traction,Essence
107654,mercedes-benz,CL,169900,31235,2021.0,Coupé,Automatique,1300,40,8,Traction,Hybride rechargeable essence
105120,mercedes-benz,GL,230000,82415,2020.0,Coupé,Automatique,2000,40,10,Traction,Hybride rechargeable essence
104495,mercedes-benz,CL,65000,249000,2011.0,Berline,Automatique,1800,40,9,Traction,Essence
104184,mercedes-benz,CL,178000,30570,2021.0,Berline,Automatique,1500,40,8,Traction,Essence
104176,mercedes-benz,CL,225000,1000,2024.0,Berline,Automatique,1400,40,8,Traction,Hybride essence
101781,mercedes-benz,CL,185000,18500,2023.0,Berline,Automatique,1400,40,8,Traction,Hybride rechargeable essence
101219,mercedes-benz,CL,135000,68000,2018.0,Berline,Automatique,1400,40,8,Traction,Essence
100510,mercedes-benz,CL,145000,145000,2019.0,Berline,Automatique,1600,40,6,Traction,Diesel
100493,mercedes-benz,CL,119000,141000,2019.0,Berline,Automatique,1300,40,7,Traction,Diesel
107838,mercedes-benz,GL,220000,39000,2018.0,SUV/4x4,Automatique,1950,50,9,Traction,Diesel
106621,mercedes-benz,CL,90000,176000,2016.0,Berline,Automatique,1595,50,8,Traction,Essence
106005,mercedes-benz,GL,245000,70000,2020.0,SUV/4x4,Automatique,1991,50,12,Traction,Hybride rechargeable essence
105794,mercedes-benz,CL,137000,37000,2021.0,Compacte,Automatique,1332,50,8,Traction,Hybride rechargeable essence
105009,mercedes-benz,GL,182000,91000,2021.0,SUV/4x4,Automatique,1332,50,9,Traction,Essence
104423,mercedes-benz,CL,215000,35000,2022.0,Berline,Automatique,1496,50,9,Traction,Essence
103250,mercedes-benz,GL,175000,50000,2022.0,SUV/4x4,Automatique,1332,40,9,Traction,Essence
101146,mercedes-benz,GL,360000,6600,2023.0,SUV/4x4,Automatique,2000,40,12,Intégrale,Essence
104375,mercedes-benz,CL,174000,69000,2021.0,Autres,Automatique,1300,40,8,Traction,Hybride rechargeable essence
107549,mercedes-benz,GL,400000,0,2024.0,SUV/4x4,Automatique,2000,40,12,Intégrale,Essence
108063,mercedes-benz,CL,450000,40000,2020.0,Autres,Automatique,3000,40,32,Intégrale,Hybride essence
103319,mercedes-benz,CL,245000,9000,2022.0,Berline,Automatique,1600,40,9,Traction,Essence
104380,mercedes-benz,CL,350000,168000,2010.0,SUV/4x4,Automatique,3000,50,16,Intégrale,Diesel
104471,mercedes-benz,CL,148000,93000,2020.0,Autres,Automatique,1500,40,6,Traction,Diesel
103002,mercedes-benz,CL,340000,86000,2018.0,Berline,Automatique,3000,50,33,Traction,Hybride essence
100070,mercedes-benz,ML,88000,231000,2010.0,SUV/4x4,Automatique,3000,40,12,Intégrale,Diesel
106238,mercedes-benz,CL,630000,30000,2015.0,SUV/4x4,Automatique,5500,40,47,Intégrale,Essence
103212,mercedes-benz,CL,195000,79000,2015.0,Berline,Automatique,2200,50,11,Traction,Hybride diesel
109043,mercedes-benz,CL,155000,95000,2018.0,Berline,Automatique,1598,40,9,Traction,Essence
107932,mercedes-benz,GL,189000,20000,2023.0,SUV/4x4,Automatique,1498,40,7,Traction,Essence
86048,mercedes-benz,CL,161290,135000,2019.0,Berline,Automatique,1598,50,8,Traction,Essence
107829,mercedes-benz,CL,178000,86000,2019.0,Coupé,Automatique,1498,20,10,Traction,Hybride essence
103089,mercedes-benz,CL,122000,165000,2010.0,Berline,Automatique,3498,40,18,Traction,Essence
94013,mercedes-benz,CL,98000,147000,2009.0,Berline,Automatique,,,19,Traction,Essence
108889,mercedes-benz,CL,159000,27000,2022.0,Berline,Automatique,1599,50,8,Traction,Essence
108668,mercedes-benz,CL,205000,68000,2020.0,Pick up,Automatique,2000,50,8,Traction,Diesel
108350,mercedes-benz,CL,255100,20000,2023.0,Berline,Automatique,1599,50,9,Traction,Essence
108347,mercedes-benz,CL,129000,150000,2020.0,Citadine,Manuelle,1799,50,9,Traction,Essence
107626,mercedes-benz,GL,225000,26000,2023.0,SUV/4x4,Automatique,1999,50,8,Traction,Hybride rechargeable essence
107556,mercedes-benz,CL,152000,120000,2019.0,Berline,Automatique,1599,50,10,Traction,Hybride essence
107534,mercedes-benz,GL,173000,90000,2021.0,SUV/4x4,Automatique,1999,50,9,Traction,Essence
107421,mercedes-benz,CL,83000,124000,2014.0,Berline,Automatique,1599,50,9,Traction,Essence
107358,mercedes-benz,CL,63000,200000,2012.0,Coupé,Automatique,1599,30,9,Traction,Essence
106990,mercedes-benz,CL,152000,120000,2019.0,Berline,Automatique,1497,50,10,Traction,Hybride essence
106370,mercedes-benz,CL,167000,130000,2018.0,Coupé,Automatique,1599,30,8,Traction,Essence
105149,mercedes-benz,CL,630000,3000,2022.0,Berline,Automatique,2999,50,16,Traction,Hybride essence
104969,mercedes-benz,CL,235000,50000,2023.0,Berline,Automatique,1800,50,9,Traction,Essence
104729,mercedes-benz,GL,169000,115000,2017.0,SUV/4x4,Automatique,2499,50,12,Traction,Essence
104653,mercedes-benz,GL,235000,12000,2023.0,SUV/4x4,Automatique,2000,50,11,Traction,Essence
104590,mercedes-benz,GL,210000,111000,2021.0,SUV/4x4,Automatique,2000,50,9,Traction,Diesel
104154,mercedes-benz,CL,48000,100000,2014.0,SUV/4x4,Manuelle,1600,50,7,Traction,Essence
103862,mercedes-benz,CL,173000,50000,2019.0,Coupé,Automatique,1599,30,9,Traction,Essence
103543,mercedes-benz,CL,119000,160000,2011.0,Berline,Automatique,2500,50,11,Traction,Diesel
103541,mercedes-benz,GL,185000,40000,2022.0,SUV/4x4,Automatique,1599,50,7,Traction,Essence
103333,mercedes-benz,GL,189000,190000,2017.0,SUV/4x4,Automatique,2143,50,9,Traction,Diesel
103316,mercedes-benz,CL,89000,170000,2016.0,Berline,Automatique,1599,50,8,Traction,Essence
103286,mercedes-benz,GL,278000,69000,2020.0,SUV/4x4,Automatique,2000,50,12,Traction,Hybride rechargeable essence
103275,mercedes-benz,CL,135000,90000,2018.0,Berline,Automatique,1599,50,9,Traction,Essence
102697,mercedes-benz,CL,291800,8000,2022.0,Berline,Automatique,1599,50,9,Traction,Essence
102360,mercedes-benz,CL,158000,20000,2022.0,Citadine,Automatique,1599,50,8,Traction,Essence
102252,mercedes-benz,CL,99000,160000,2014.0,Berline,Automatique,1599,50,9,Traction,Essence
101206,mercedes-benz,CL,51000,330000,2010.0,Berline,Automatique,1999,50,10,Traction,Essence
101205,mercedes-benz,CL,77000,330000,2011.0,Berline,Automatique,2199,50,9,Traction,Diesel
101152,mercedes-benz,CL,240000,16000,2023.0,Berline,Automatique,1599,50,9,Traction,Essence
101148,mercedes-benz,CL,81000,163000,2014.0,Citadine,Automatique,1599,50,7,Traction,Essence
100970,mercedes-benz,CL,169000,30000,2021.0,Citadine,Automatique,1599,50,7,Traction,Essence
100960,mercedes-benz,CL,98000,50000,2019.0,Citadine,Automatique,1599,50,6,Traction,Diesel
100773,mercedes-benz,CL,205000,40000,2022.0,Berline,Automatique,1600,50,9,Traction,Essence
100604,mercedes-benz,CL,264200,50000,2022.0,Berline,Automatique,1399,50,9,Traction,Essence
100524,mercedes-benz,CL,79000,240000,2013.0,Citadine,Automatique,2143,50,9,Traction,Diesel
100182,mercedes-benz,CL,78000,170000,2008.0,Berline,Automatique,3450,50,19,Traction,Essence
99834,mercedes-benz,CL,179000,40000,2019.0,Coupé,Automatique,1599,30,9,Traction,Essence
99646,mercedes-benz,CL,208000,40000,2022.0,Berline,Automatique,1500,50,9,Traction,Essence
99497,mercedes-benz,CL,169000,20000,2020.0,Citadine,Automatique,1599,50,7,Traction,Essence
99369,mercedes-benz,GL,113000,74000,2016.0,SUV/4x4,Automatique,1595,50,8,Traction,Essence
99259,mercedes-benz,CL,115000,170000,2014.0,Berline,Automatique,1599,50,9,Traction,Essence
98044,mercedes-benz,CL,205000,35000,2020.0,Berline,Automatique,1998,40,6,Propulsion,Hybride rechargeable essence
97161,mercedes-benz,CL,77000,135000,2011.0,Citadine,Automatique,1800,50,10,Traction,Essence
97159,mercedes-benz,CL,215000,80000,2022.0,Citadine,Automatique,1599,50,9,Traction,Essence
96178,mercedes-benz,CL,172000,15000,2022.0,Citadine,Automatique,,,8,Traction,Essence
96177,mercedes-benz,CL,148000,80000,2019.0,Citadine,Automatique,,,9,Traction,Diesel
109350,mercedes-benz,CL,59500,226000,2013.0,Berline,Automatique,1600,50,9,Propulsion,Essence
108927,mercedes-benz,CL,64500,197000,2010.0,Berline,Automatique,1800,50,11,Propulsion,Essence
108808,mercedes-benz,CL,108000,100000,2020.0,Citadine,Automatique,1400,50,7,Traction,Essence
106592,mercedes-benz,CL,248000,15000,2022.0,Berline,Automatique,1499,50,9,Propulsion,Essence
104319,mercedes-benz,CL,115000,137000,2017.0,Berline,Automatique,1600,50,8,Propulsion,Essence
103138,mercedes-benz,CL,228000,29000,2022.0,Berline,Automatique,1500,50,9,Propulsion,Essence
101279,mercedes-benz,GL,118000,65000,2016.0,Compacte,Automatique,1600,50,8,Traction,Essence
109119,mercedes-benz,CL,158000,80000,2021.0,Coupé,Automatique,1600,30,8,Propulsion,Essence
109118,mercedes-benz,GL,169000,49000,2021.0,SUV/4x4,Automatique,1400,50,8,Traction,Hybride rechargeable essence
107448,mercedes-benz,GL,124000,30000,2018.0,Berline,Automatique,1600,50,7,Traction,Essence
107350,mercedes-benz,GL,259000,50000,2021.0,SUV/4x4,Automatique,2000,50,12,Intégrale,Hybride essence
107242,mercedes-benz,CL,169000,60000,2021.0,Berline,Automatique,1600,50,10,Intégrale,Essence
107168,mercedes-benz,CL,197000,32000,2022.0,Berline,Automatique,1999,40,12,Propulsion,Essence
107164,mercedes-benz,CL,248000,11000,2024.0,Berline,Automatique,1999,40,9,Propulsion,Hybride essence
106486,mercedes-benz,CL,68000,180000,2010.0,Coupé,Automatique,3000,30,19,Traction,Essence
106484,mercedes-benz,CL,99500,180000,2016.0,Berline,Automatique,1600,50,8,Propulsion,Essence
105622,mercedes-benz,CL,105000,175000,2016.0,Berline,Automatique,1600,50,8,Propulsion,Essence
105469,mercedes-benz,CL,169000,8000,2024.0,Berline,Automatique,1599,40,8,Traction,Hybride essence
103232,mercedes-benz,CL,188000,30000,2023.0,Berline,Automatique,1300,50,7,Traction,Essence
109003,mercedes-benz,CL,164000,90000,2018.0,Coupé,Automatique,1991,20,11,Traction,Essence
108806,mercedes-benz,CL,88000,56000,2013.0,Compacte,Automatique,1000,40,9,Traction,Essence
106663,mercedes-benz,CL,230000,7300,2022.0,Berline,Automatique,1500,50,9,Propulsion,Essence
108104,mercedes-benz,CL,68500,180000,2014.0,Citadine,Automatique,1595,40,6,Traction,Essence
105342,mercedes-benz,GL,179000,57000,2021.0,Compacte,Automatique,2000,50,8,Traction,Hybride rechargeable essence
106549,mercedes-benz,CL,144000,63000,2020.0,Compacte,Automatique,1300,50,9,Traction,Essence
106204,mercedes-benz,CL,80500,201000,2013.0,Autres,Automatique,1600,40,9,Intégrale,Essence
108981,mercedes-benz,CL,139000,76000,2020.0,Berline,Automatique,1611,50,7,Propulsion,Diesel
109371,mercedes-benz,CL,170000,20000,2020.0,Coupé,Automatique,1400,40,9,Traction,Essence
108229,mercedes-benz,GL,420000,54000,2020.0,SUV/4x4,Automatique,2925,50,18,Intégrale,Diesel
108227,mercedes-benz,CL,135000,146000,2015.0,Berline,Automatique,1595,50,8,Propulsion,Essence
109324,mercedes-benz,CL,127000,80000,2021.0,Berline,Automatique,1400,50,8,Propulsion,Hybride rechargeable essence
109210,mercedes-benz,CL,72000,300000,2010.0,Berline,Manuelle,2143,40,7,Propulsion,Diesel
108754,mercedes-benz,GL,420000,0,2024.0,SUV/4x4,Automatique,2000,40,15,Intégrale,Essence
108753,mercedes-benz,CL,105000,200000,2014.0,Berline,Automatique,1600,40,8,Traction,Essence
106953,mercedes-benz,CL,132000,100000,2020.0,Citadine,Automatique,1500,40,6,Traction,Essence
106141,mercedes-benz,CL,220000,0,2024.0,Berline,Automatique,2000,40,8,Traction,Essence
105609,mercedes-benz,GL,450000,30000,2022.0,SUV/4x4,Automatique,3000,40,12,Traction,Hybride rechargeable essence
105511,mercedes-benz,CL,260000,70000,2020.0,Berline,Automatique,2000,40,12,Traction,Hybride rechargeable essence
103856,mercedes-benz,GL,270000,80000,2021.0,SUV/4x4,Automatique,2000,40,11,Intégrale,Hybride rechargeable essence
101024,mercedes-benz,CL,115000,130000,2017.0,Berline,Automatique,1600,40,6,Traction,Diesel
109411,mercedes-benz,CL,46500,287000,2009.0,Berline,Automatique,1597,40,9,Propulsion,Essence
109231,mercedes-benz,CL,98000,48700,2017.0,Coupé,Automatique,1599,40,7,Traction,Essence
108478,mercedes-benz,CL,115000,60000,2021.0,Coupé,Automatique,1300,50,7,Traction,Essence
107958,mercedes-benz,CL,110000,90000,2021.0,Coupé,Automatique,1600,50,7,Traction,Essence
106650,mercedes-benz,CL,145000,120000,2019.0,Coupé,Automatique,1600,30,8,Propulsion,Essence
106301,mercedes-benz,CL,66000,180000,2013.0,Berline,Automatique,1600,50,9,Propulsion,Essence
99991,mercedes-benz,CL,69000,123000,2015.0,Berline,Automatique,1595,50,6,Traction,Essence
108206,mercedes-benz,CL,99000,125000,2019.0,Berline,Automatique,1595,50,8,Propulsion,Essence
101427,mercedes-benz,CL,47500,295000,2006.0,Berline,Automatique,2200,50,10,Propulsion,Diesel
105834,mercedes-benz,GL,258000,68000,2020.0,SUV/4x4,Automatique,1999,50,12,Traction,Hybride essence
105755,mercedes-benz,GL,240000,52000,2020.0,SUV/4x4,Automatique,2000,50,11,Intégrale,Diesel
107071,mercedes-benz,CL,170000,30000,2022.0,Berline,Automatique,1800,50,7,Propulsion,Essence
107433,mercedes-benz,CL,26000,345000,2000.0,Compacte,Manuelle,2000,40,11,Propulsion,Essence
107072,mercedes-benz,CL,75000,134000,2017.0,Compacte,Manuelle,1800,50,6,Propulsion,Essence
109023,mercedes-benz,CL,77000,168000,2012.0,Coupé,Automatique,1796,30,9,Propulsion,Essence
109079,mercedes-benz,CL,77000,134000,2012.0,Coupé,Automatique,1800,30,10,Propulsion,Essence
109238,mercedes-benz,CL,62000,217000,2012.0,Citadine,Automatique,1595,50,9,Propulsion,Essence
103801,mercedes-benz,CL,71000,200000,2011.0,Utilitaire,Automatique,1796,40,9,Traction,Essence
105930,mercedes-benz,CL,150000,80000,2019.0,Berline,Automatique,1497,50,11,Intégrale,Hybride essence
108788,mercedes-benz,CL,74000,160000,2012.0,Berline,Automatique,1600,40,9,Propulsion,Essence
105316,mercedes-benz,CL,149500,58000,2020.0,Berline,Automatique,1332,40,8,Traction,Hybride rechargeable essence
108300,mercedes-benz,GL,340000,50000,2021.0,SUV/4x4,Automatique,4000,50,12,Intégrale,Hybride rechargeable essence
103048,mercedes-benz,GL,358000,71000,2021.0,SUV/4x4,Automatique,2000,50,8,Propulsion,Hybride diesel
106523,mercedes-benz,CL,148000,117000,2020.0,Berline,Automatique,1500,40,6,Traction,Diesel
106388,mercedes-benz,CL,108000,161000,2020.0,Compacte,Automatique,1500,50,6,Traction,Diesel
105480,mercedes-benz,CL,148000,44000,2022.0,Autres,Automatique,1300,50,6,Traction,Hybride rechargeable essence
108987,mercedes-benz,CL,195000,71000,2022.0,Berline,Automatique,1500,40,9,Propulsion,Hybride essence
109286,mercedes-benz,CL,62000,270000,2010.0,Berline,Automatique,1597,50,9,Intégrale,Essence
109282,mercedes-benz,CL,33000,190000,2003.0,Citadine,Manuelle,2200,40,8,Traction,Diesel
109279,mercedes-benz,CL,79000,138000,2013.0,Berline,Automatique,1595,50,8,Traction,Essence
109261,mercedes-benz,CL,150000,230000,2016.0,Berline,Automatique,1950,50,8,Traction,Diesel
109022,mercedes-benz,CL,175000,75000,2019.0,Coupé,Automatique,2000,20,10,Propulsion,Essence
108964,mercedes-benz,CL,85000,114123,2016.0,Compacte,Manuelle,1595,40,8,Traction,Essence
109243,mercedes-benz,CL,76000,174000,2013.0,Berline,Automatique,1595,40,7,Traction,Essence
109005,mercedes-benz,CL,205000,39000,2023.0,Coupé,Automatique,1332,40,8,Traction,Hybride rechargeable essence
109252,mercedes-benz,CL,81000,112000,2015.0,Berline,Automatique,2143,50,7,Traction,Essence
109251,mercedes-benz,CL,152000,167000,2019.0,Coupé,Automatique,1595,20,8,Propulsion,Essence
109219,mercedes-benz,CL,120000,48000,2014.0,Berline,Automatique,1580,40,8,Propulsion,Essence
109217,mercedes-benz,GL,105000,150000,2016.0,Coupé,Automatique,1595,40,8,Propulsion,Essence
103887,mercedes-benz,CL,135000,67000,2019.0,Berline,Automatique,1597,40,6,Propulsion,Diesel
109196,mercedes-benz,CL,55000,185000,2008.0,Berline,Automatique,2200,50,10,Traction,Diesel
108740,mercedes-benz,CL,78000,207000,2014.0,Berline,Automatique,1800,40,8,Propulsion,Essence
109154,mercedes-benz,CL,169999,22000,2022.0,Citadine,Automatique,1300,40,8,Intégrale,Hybride rechargeable essence
108918,mercedes-benz,CL,220000,6000,2024.0,Coupé,Automatique,1332,50,8,Traction,Hybride rechargeable essence
109137,mercedes-benz,CL,45000,183000,2012.0,Monospace,Manuelle,1595,50,7,Traction,Essence
109057,mercedes-benz,CL,98000,180000,2016.0,Citadine,Automatique,6999,40,7,Traction,Diesel
106764,mercedes-benz,CL,65000,219000,2012.0,Berline,Automatique,2987,50,16,Propulsion,Diesel
109092,mercedes-benz,CL,320000,49000,2020.0,Coupé,Automatique,3000,30,28,Intégrale,Essence
106653,mercedes-benz,GL,390000,40000,2017.0,SUV/4x4,Automatique,2996,50,26,Intégrale,Essence
108377,mercedes-benz,GL,80000,200000,2009.0,Compacte,Automatique,1000,50,9,Traction,Diesel
107740,mercedes-benz,CL,79000,170000,2012.0,Berline,Automatique,1000,50,10,Traction,Diesel
107090,mercedes-benz,CL,140000,120000,2017.0,Coupé,Automatique,1000,30,8,Traction,Essence
101675,mercedes-benz,ML,85000,180000,2009.0,SUV/4x4,Automatique,1000,50,15,Traction,Diesel
108700,mercedes-benz,CL,380000,250000,2017.0,Berline,Automatique,4999,50,48,Traction,Essence
107710,mercedes-benz,CL,116000,125000,2018.0,Berline,Automatique,1598,50,8,Traction,Essence
107581,mercedes-benz,CL,115000,180000,2016.0,Berline,Automatique,1998,50,10,Traction,Essence
109080,mercedes-benz,CL,126000,118000,2019.0,Autres,Automatique,1300,40,9,Traction,Essence
109047,mercedes-benz,GL,185000,32000,2022.0,SUV/4x4,Automatique,1950,40,8,Traction,Diesel
106714,mercedes-benz,CL,220000,2800,2022.0,Berline,Automatique,1496,40,9,Propulsion,Essence
106642,mercedes-benz,CL,50000,200000,2015.0,Citadine,Manuelle,1595,40,6,Intégrale,Essence
108763,mercedes-benz,CL,85000,179000,2014.0,Berline,Automatique,1595,50,8,Propulsion,Essence
107579,mercedes-benz,CL,89000,73000,2016.0,Berline,Automatique,1600,40,8,Traction,Essence
106774,mercedes-benz,ML,75000,212000,2009.0,SUV/4x4,Automatique,3000,50,15,Intégrale,Diesel
106387,mercedes-benz,GL,178000,83000,2022.0,SUV/4x4,Automatique,1500,50,8,Traction,Essence
105798,mercedes-benz,GL,128000,45000,2019.0,SUV/4x4,Automatique,1600,50,7,Traction,Essence
105285,mercedes-benz,CL,28000,181000,2009.0,Compacte,Manuelle,1500,30,6,Traction,Essence
105085,mercedes-benz,GL,192000,37000,2022.0,SUV/4x4,Automatique,1500,50,8,Traction,Hybride rechargeable essence
104719,mercedes-benz,CL,128000,66000,2020.0,Compacte,Automatique,1600,50,8,Traction,Essence
103985,mercedes-benz,CL,225000,28000,2022.0,Berline,Automatique,1500,50,9,Propulsion,Essence
101037,mercedes-benz,CL,139000,63000,2020.0,Citadine,Automatique,1600,40,8,Traction,Essence
108983,mercedes-benz,CL,80000,215000,2006.0,Berline,Automatique,5461,40,29,Propulsion,Essence
107773,mercedes-benz,GL,259000,32000,2020.0,Coupé,Automatique,1998,40,12,Intégrale,Hybride rechargeable essence
108977,mercedes-benz,CL,95000,185000,2007.0,SUV/4x4,Automatique,3997,50,23,Intégrale,Diesel
108099,mercedes-benz,CL,118000,96000,2019.0,Citadine,Automatique,1559,50,6,Traction,Diesel
108917,mercedes-benz,CL,78000,131000,2013.0,Citadine,Automatique,1595,50,6,Traction,Essence
108883,mercedes-benz,CL,90000,210000,2014.0,Berline,Automatique,2143,40,7,Propulsion,Diesel
108877,mercedes-benz,CL,139000,78000,2018.0,Berline,Automatique,1595,40,9,Propulsion,Essence
108855,mercedes-benz,GL,168000,105000,2021.0,SUV/4x4,Automatique,1400,50,9,Traction,Essence
107976,mercedes-benz,CL,78000,130000,2015.0,Berline,Manuelle,1590,50,6,Traction,Essence
108844,mercedes-benz,CL,71000,167000,2014.0,Citadine,Automatique,1500,40,6,Traction,Diesel
108843,mercedes-benz,CL,48500,181400,2009.0,Berline,Automatique,1796,50,9,Propulsion,Essence
108799,mercedes-benz,CL,68000,200003,2011.0,Berline,Automatique,900,40,8,Traction,Diesel
108739,mercedes-benz,CL,159900,60000,2022.0,Coupé,Automatique,1332,50,8,Traction,Hybride rechargeable essence
106217,mercedes-benz,GL,199000,84000,2020.0,SUV/4x4,Automatique,1991,40,12,Propulsion,Hybride rechargeable essence
108712,mercedes-benz,CL,66000,200000,2015.0,Berline,Automatique,1595,40,7,Propulsion,Essence
108261,mercedes-benz,CL,57000,195210,2009.0,Berline,Automatique,1796,50,9,Intégrale,Essence
108699,mercedes-benz,CL,68000,220000,2012.0,Berline,Manuelle,2143,50,7,Traction,Diesel
107306,mercedes-benz,EQ,149000,98000,2022.0,SUV/4x4,Automatique,899,50,7,Traction,Electrique
107683,mercedes-benz,GL,263000,49500,2021.0,SUV/4x4,Automatique,2000,50,12,Intégrale,Hybride rechargeable essence
107380,mercedes-benz,CL,60000,120000,2013.0,Berline,Manuelle,1595,40,9,Traction,Essence
108603,mercedes-benz,CL,80000,168350,2012.0,Berline,Automatique,1597,40,9,Propulsion,Essence
108602,mercedes-benz,CL,289000,26000,2010.0,SUV/4x4,Automatique,2987,50,16,Intégrale,Diesel
105922,mercedes-benz,CL,70000,250000,2012.0,Berline,Automatique,2200,50,10,Propulsion,Diesel
95056,mercedes-benz,CL,135000,45000,2019.0,Compacte,Automatique,1300,40,8,Traction,Essence
108559,mercedes-benz,GL,145000,40000,2017.0,SUV/4x4,Automatique,2000,50,12,Intégrale,Essence
105674,mercedes-benz,ML,90000,200000,2009.0,SUV/4x4,Automatique,3996,40,23,Propulsion,Diesel
108546,mercedes-benz,CL,95000,197000,2013.0,Berline,Automatique,2143,50,9,Traction,Diesel
108260,mercedes-benz,CL,93000,265000,2013.0,Berline,Automatique,2143,40,11,Traction,Diesel
108536,mercedes-benz,CL,120000,172000,2018.0,Berline,Automatique,1595,50,8,Intégrale,Essence
108342,mercedes-benz,CL,150000,61000,2016.0,Coupé,Automatique,2143,40,11,Traction,Diesel
108426,mercedes-benz,CL,125000,125000,2017.0,Berline,Automatique,1800,40,9,Traction,Essence
107389,mercedes-benz,GL,220000,39000,2018.0,SUV/4x4,Automatique,2143,50,9,Intégrale,Diesel
108402,mercedes-benz,CL,54000,276000,2009.0,Berline,Automatique,1597,40,9,Propulsion,Essence
108381,mercedes-benz,ML,68000,230000,2010.0,SUV/4x4,Automatique,6000,50,14,Intégrale,Diesel
108334,mercedes-benz,CL,154000,50450,2020.0,Berline,Automatique,1322,40,7,Traction,Essence
108331,mercedes-benz,CL,46000,225000,2011.0,Berline,Manuelle,2143,50,6,Intégrale,Diesel
107832,mercedes-benz,CL,110000,110000,2014.0,Compacte,Automatique,3000,40,15,Intégrale,Diesel
108021,mercedes-benz,CL,54000,254000,2013.0,Citadine,Manuelle,1600,50,6,Intégrale,Essence
108264,mercedes-benz,CL,53000,149000,2009.0,Berline,Automatique,1796,50,11,Propulsion,Essence
108246,mercedes-benz,CL,275000,30000,2021.0,Berline,Automatique,1999,50,10,Propulsion,Diesel
106814,mercedes-benz,GL,145000,247000,2017.0,SUV/4x4,Automatique,1991,50,12,Intégrale,Essence
108185,mercedes-benz,CL,129000,90000,2020.0,Compacte,Automatique,2000,40,9,Traction,Essence
108991,mercedes-benz,GL,390000,71772,2022.0,SUV/4x4,Automatique,1991,40,12,Propulsion,Hybride rechargeable essence
107370,mercedes-benz,CL,145000,130000,2018.0,Coupé,Automatique,1999,20,8,Intégrale,Essence
109353,peugeot,20,27900,122000,2017.0,Citadine,Manuelle,1198,40,5,Traction,Essence
109085,peugeot,20,31500,141000,2014.0,Citadine,Manuelle,1198,40,5,Traction,Essence
108571,peugeot,30,25500,195000,2018.0,Berline,Manuelle,1198,40,5,Traction,Essence
108570,peugeot,20,39000,11000,2020.0,Citadine,Manuelle,999,40,4,Traction,Essence
108534,peugeot,20,43500,37000,2022.0,Citadine,Manuelle,1198,40,4,Traction,Essence
108292,peugeot,20,27500,290000,2011.0,Coupé,Manuelle,1389,20,6,Traction,Diesel
107522,peugeot,30,62000,131000,2017.0,SUV/4x4,Manuelle,1198,40,7,Traction,Essence
107332,peugeot,30,26000,93000,2014.0,Berline,Manuelle,1198,40,5,Traction,Essence
106917,peugeot,20,45000,60000,2016.0,SUV/4x4,Manuelle,1198,40,5,Traction,Essence
106654,peugeot,PA,39500,113000,2018.0,Utilitaire,Manuelle,1198,30,5,Traction,Diesel
105927,peugeot,RI,69000,67000,2019.0,Utilitaire,Manuelle,1198,40,6,Traction,Essence
105865,peugeot,20,32900,104000,2017.0,Monospace,Manuelle,1198,20,5,Traction,Essence
104927,peugeot,LA,95000,34000,2022.0,Pick up,Manuelle,1898,40,6,Traction,Diesel
104285,peugeot,30,,,,,,,,,,
103724,peugeot,20,38500,74000,2016.0,Monospace,Manuelle,1199,20,5,Traction,Essence
100630,peugeot,30,33000,230000,2010.0,Citadine,Manuelle,1599,40,7,Traction,Essence
100350,peugeot,30,84900,132000,2018.0,SUV/4x4,Automatique,1598,50,9,Traction,Essence
98065,peugeot,30,80000,169000,2020.0,SUV/4x4,Automatique,,,7,Traction,Essence
109465,peugeot,30,49000,64000,2020.0,Berline,Manuelle,1199,50,6,Traction,Essence
106118,peugeot,30,50000,102000,2020.0,Citadine,Manuelle,1200,50,5,Traction,Essence
109400,peugeot,PA,46000,148000,2020.0,Monospace,Manuelle,1499,20,5,Traction,Diesel
109398,peugeot,20,46500,88000,2021.0,Citadine,Manuelle,1499,50,5,Traction,Diesel
107205,peugeot,20,45500,108000,2021.0,Citadine,Manuelle,1499,50,5,Traction,Diesel
106072,peugeot,30,79000,148000,2020.0,SUV/4x4,Automatique,1489,50,6,Traction,Diesel
107426,peugeot,50,78000,160000,2019.0,Autres,Manuelle,1199,50,7,Traction,Essence
109429,peugeot,PA,54500,90000,2022.0,Utilitaire,Manuelle,1600,30,5,Traction,Diesel
109427,peugeot,40,26500,130000,2007.0,Berline,Automatique,2000,40,9,Traction,Essence
108953,peugeot,30,33000,73000,2021.0,Berline,Manuelle,1198,40,5,Traction,Essence
108228,peugeot,PA,56000,73000,2019.0,Utilitaire,Manuelle,1559,20,5,Traction,Diesel
107928,peugeot,30,65000,130000,2017.0,SUV/4x4,Manuelle,1200,40,7,Intégrale,Essence
107865,peugeot,20,43000,100000,2017.0,SUV/4x4,Manuelle,1200,40,6,Intégrale,Essence
109021,peugeot,30,54000,96000,2019.0,Compacte,Manuelle,999,40,4,Traction,Diesel
109046,peugeot,40,150000,15000,2024.0,Citadine,Automatique,1598,40,13,Traction,Essence
109284,peugeot,30,77000,110000,2017.0,SUV/4x4,Automatique,1600,50,9,Propulsion,Essence
108007,peugeot,20,49000,61000,2018.0,SUV/4x4,Automatique,1200,50,6,Intégrale,Essence
106856,peugeot,30,82000,140000,2018.0,SUV/4x4,Automatique,1200,50,7,Traction,Essence
109448,peugeot,PA,57000,62000,2023.0,Utilitaire,Manuelle,1560,20,5,Traction,Diesel
107931,peugeot,PA,59000,87261,2020.0,Utilitaire,Manuelle,1999,20,5,Propulsion,Diesel
104288,peugeot,PA,55000,144790,2019.0,Autres,Manuelle,1560,20,5,Propulsion,Diesel
109444,peugeot,30,88000,117000,2021.0,SUV/4x4,Automatique,1199,50,7,Traction,Essence
107781,peugeot,30,92000,55000,2020.0,SUV/4x4,Automatique,1200,50,7,Traction,Essence
108963,peugeot,30,53000,36765,2021.0,Berline,Manuelle,1200,40,5,Traction,Essence
106492,peugeot,30,126000,48000,2023.0,Berline,Automatique,1500,40,7,Traction,Diesel
106132,peugeot,EX,59000,139199,2019.0,Utilitaire,Manuelle,1500,40,6,Traction,Diesel
100501,peugeot,20,55000,125000,2018.0,SUV/4x4,Automatique,1200,40,6,Traction,Essence
108786,peugeot,LA,64500,124000,2021.0,Autres,Manuelle,1910,40,6,Traction,Diesel
107488,peugeot,30,69000,93000,2020.0,SUV/4x4,Automatique,1199,50,7,Traction,Essence
108493,peugeot,30,82000,87000,2019.0,SUV/4x4,Automatique,1200,40,7,Traction,Essence
106381,peugeot,50,79000,137000,2019.0,Berline,Automatique,1600,40,8,Traction,Essence
108890,peugeot,30,88000,38000,2019.0,SUV/4x4,Automatique,1399,50,7,Traction,Essence
108833,peugeot,30,75000,75000,2020.0,SUV/4x4,Automatique,1400,50,6,Traction,Essence
107772,peugeot,40,155000,10000,2024.0,Citadine,Automatique,1699,50,11,Traction,Essence
107624,peugeot,30,69000,112000,2020.0,SUV/4x4,Automatique,1599,50,7,Traction,Essence
107550,peugeot,30,89000,125000,2020.0,SUV/4x4,Automatique,1599,50,6,Traction,Essence
106499,peugeot,30,47000,128000,2020.0,Citadine,Manuelle,1200,50,6,Traction,Essence
105372,peugeot,20,80000,100000,2021.0,SUV/4x4,Manuelle,1200,50,6,Traction,Diesel
104957,peugeot,RI,72000,95000,2020.0,Compacte,Manuelle,1599,50,7,Traction,Diesel
104924,peugeot,RI,72000,95000,2020.0,Compacte,Manuelle,1500,50,7,Traction,Diesel
102489,peugeot,20,97000,34000,2022.0,SUV/4x4,Automatique,1399,50,7,Traction,Essence
101998,peugeot,20,35000,60000,2020.0,Citadine,Manuelle,1190,50,4,Traction,Essence
99879,peugeot,20,92000,30000,2021.0,SUV/4x4,Manuelle,1200,50,7,Traction,Essence
98421,peugeot,30,77000,260000,2017.0,SUV/4x4,Automatique,,,9,Traction,Essence
91509,peugeot,RC,40000,171000,2011.0,Citadine,Manuelle,,,7,Traction,Essence
108762,peugeot,50,138000,7000,2023.0,Citadine,Automatique,1600,50,9,Traction,Essence
108497,peugeot,PA,27000,218000,2014.0,Utilitaire,Manuelle,1600,20,5,Traction,Diesel
104856,peugeot,50,116000,115000,2020.0,Berline,Automatique,1600,40,9,Traction,Essence
109368,peugeot,40,26500,130000,2007.0,Compacte,Automatique,2000,40,9,Traction,Essence
106041,peugeot,20,34000,93000,2019.0,Citadine,Manuelle,1199,50,5,Traction,Essence
106923,peugeot,50,51000,145000,2018.0,Berline,Automatique,1600,50,7,Traction,Essence
106173,peugeot,30,34000,99500,2014.0,Compacte,Manuelle,1199,50,5,Traction,Essence
108633,peugeot,20,27500,290000,2011.0,Coupé,Manuelle,4000,30,6,Traction,Diesel
109392,peugeot,30,68000,149000,2020.0,SUV/4x4,Automatique,1199,50,7,Traction,Essence
109388,peugeot,50,41500,240000,2012.0,Berline,Manuelle,1560,50,6,Traction,Diesel
108391,peugeot,PA,48000,95000,2021.0,Utilitaire,Manuelle,1600,20,5,Traction,Diesel
107091,peugeot,30,80000,190000,2017.0,SUV/4x4,Automatique,1600,40,6,Traction,Diesel
108433,peugeot,20,49500,28500,2021.0,Citadine,Manuelle,999,50,5,Traction,Essence
109364,peugeot,50,95000,145000,2020.0,SUV/4x4,Manuelle,1200,50,7,Traction,Essence
109361,peugeot,LA,97000,30000,2023.0,Pick up,Manuelle,1900,40,7,Intégrale,Diesel
109342,peugeot,40,23000,376000,2005.0,Berline,Manuelle,1600,40,6,Traction,Diesel
109065,peugeot,30,76000,112000,2019.0,SUV/4x4,Automatique,1600,40,9,Traction,Essence
108182,peugeot,30,105000,55000,2022.0,SUV/4x4,Automatique,1598,50,9,Traction,Essence
109326,peugeot,20,32500,140000,2019.0,Citadine,Manuelle,1199,40,5,Traction,Essence
108468,peugeot,20,70000,110000,2020.0,SUV/4x4,Manuelle,3000,50,6,Traction,Essence
108295,peugeot,30,47000,148500,2019.0,Berline,Manuelle,1200,50,6,Traction,Essence
108850,peugeot,40,47900,99000,2014.0,SUV/4x4,Manuelle,2000,50,9,Traction,Essence
109305,peugeot,30,38000,150000,2012.0,Compacte,Manuelle,1000,30,7,Traction,Essence
104718,peugeot,30,95000,30000,2018.0,SUV/4x4,Automatique,1600,50,9,Traction,Essence
109288,peugeot,50,30000,174000,2011.0,Citadine,Manuelle,1560,40,6,Traction,Diesel
109276,peugeot,20,29000,110000,2015.0,Citadine,Manuelle,1199,50,5,Traction,Essence
109269,peugeot,20,38500,229000,2015.0,Berline,Manuelle,1199,40,5,Traction,Essence
109259,peugeot,40,31000,308000,2008.0,Berline,Manuelle,1600,40,6,Traction,Diesel
106128,peugeot,30,39000,188000,2017.0,Compacte,Manuelle,1300,50,6,Traction,Essence
106958,peugeot,30,89000,70000,2020.0,SUV/4x4,Automatique,1200,50,6,Traction,Essence
109180,peugeot,RI,84000,123000,2021.0,Monospace,Manuelle,1499,50,5,Propulsion,Diesel
109225,peugeot,20,34000,65000,2020.0,Compacte,Manuelle,998,50,4,Propulsion,Essence
105790,peugeot,20,36000,162000,2014.0,SUV/4x4,Manuelle,1199,50,5,Traction,Essence
107436,peugeot,LA,78000,45000,2023.0,Pick up,Manuelle,1910,20,6,Propulsion,Diesel
106910,peugeot,20,29000,110000,2015.0,Citadine,Manuelle,1199,30,5,Traction,Essence
106586,peugeot,20,34000,136000,2014.0,SUV/4x4,Manuelle,1199,50,5,Traction,Essence
106030,peugeot,20,48000,93000,2017.0,SUV/4x4,Manuelle,1200,50,5,Propulsion,Essence
108923,peugeot,20,40000,96000,2015.0,SUV/4x4,Manuelle,1000,50,5,Traction,Essence
108635,peugeot,50,95000,111000,2019.0,Berline,Automatique,1300,50,7,Propulsion,Diesel
109167,peugeot,30,37500,143000,2014.0,Autres,Manuelle,1598,50,7,Propulsion,Essence
101674,peugeot,30,95000,1000,2023.0,Compacte,Automatique,1000,50,7,Traction,Essence
104848,peugeot,20,56000,120000,2018.0,Citadine,Automatique,1199,50,6,Traction,Essence
108663,peugeot,50,28000,215000,2012.0,Berline,Manuelle,1599,50,7,Traction,Essence
109058,peugeot,20,40000,135000,2016.0,Citadine,Manuelle,1199,40,5,Traction,Essence
108637,peugeot,20,22700,110000,2012.0,Citadine,Manuelle,1124,50,4,Traction,Essence
109040,peugeot,30,49999,89000,2020.0,Compacte,Manuelle,1199,50,6,Traction,Essence
109025,peugeot,30,24500,202000,2018.0,Citadine,Manuelle,1199,40,5,Traction,Essence
94617,peugeot,BO,14000,200100,2007.0,Utilitaire,Manuelle,1219,20,7,Traction,Diesel
108984,peugeot,30,90000,120000,2019.0,SUV/4x4,Automatique,1498,40,7,Traction,Diesel
108930,peugeot,30,32000,210000,2010.0,Compacte,Manuelle,1600,50,7,Traction,Essence
106636,peugeot,30,25500,110451,2007.0,Cabriolet,Manuelle,1599,30,8,Traction,Essence
108884,peugeot,20,32500,100000,2020.0,Coupé,Manuelle,920,50,4,Traction,Essence
108240,peugeot,30,85000,170000,2022.0,Berline,Automatique,999,50,7,Intégrale,Diesel
108800,peugeot,30,53000,82500,2020.0,Berline,Manuelle,1200,50,6,Traction,Essence
108779,peugeot,30,68000,164000,2016.0,Compacte,Automatique,1598,50,9,Traction,Essence
108687,peugeot,20,35000,132000,2014.0,SUV/4x4,Manuelle,1191,50,5,Traction,Essence
108656,peugeot,20,26500,260000,2012.0,Berline,Manuelle,1200,50,5,Traction,Essence
108589,peugeot,20,27400,226000,2009.0,Compacte,Manuelle,1560,50,6,Traction,Diesel
108578,peugeot,50,5000,350000,1995.0,Berline,Manuelle,2500,40,9,Traction,Diesel
108530,peugeot,BO,58000,85000,2022.0,Autres,Manuelle,2198,20,7,Traction,Diesel
102736,peugeot,40,35000,244000,2007.0,Berline,Manuelle,2080,40,8,Traction,Diesel
108504,peugeot,PA,42500,122490,2020.0,Utilitaire,Manuelle,1560,40,5,Traction,Diesel
108482,peugeot,20,42000,75000,2022.0,Berline,Manuelle,1199,50,4,Propulsion,Essence
108407,peugeot,PA,47000,114000,2020.0,Utilitaire,Manuelle,1560,40,5,Traction,Diesel
101971,peugeot,20,54000,40000,2018.0,SUV/4x4,Manuelle,1199,50,5,Traction,Essence
108383,peugeot,20,28000,104000,2018.0,Citadine,Manuelle,1499,50,5,Traction,Essence
108354,peugeot,20,31500,56540,2019.0,Compacte,Manuelle,1199,50,4,Propulsion,Essence
108966,peugeot,20,28000,116000,2019.0,Citadine,Manuelle,1199,40,5,Traction,Essence
108599,peugeot,20,80000,156000,2021.0,SUV/4x4,Automatique,1199,50,7,Traction,Essence
109061,peugeot,20,36000,40000,2020.0,Citadine,Manuelle,899,50,4,Traction,Essence
102808,peugeot,20,45000,82000,2016.0,SUV/4x4,Manuelle,1199,50,5,Traction,Essence
108629,peugeot,20,40000,56000,2016.0,Citadine,Manuelle,1199,50,5,Traction,Essence
