Title,Mileage,Year,Transmission,Fuel,Price
KIA Rio Berline,163 746,2016,Manuelle,Essence,35 000
Peugeot 3008,55 000,2022,Automatique,Essence,105 000
Renault Clio Campus climatisée,116 000,2012,Manuelle,Essence,30 500
Chery Tiggo 3X Luxury,47 000,2022,Automatique,Essence,52 000
Peugeot 3008,210 000,2010,Manuelle,Essence,32 000
KIA Rio Berline,90 500,2020,Manuelle,Essence,52 000
Hyundai Grand i10,43 200,2021,Manuelle,Essence,43 500
MG 5,37 000,2022,Automatique,Essence,58 000
Mercedes-Benz Classe C,159 000,2012,Automatique,Essence,73 500
Mercedes-Benz GLC Coupé AMG,47 000,2021,Automatique,Hybride,260 000
Haval H6 Luxury,100 000,2019,Automatique,Essence,77 000
Mercedes-Benz Classe E,197 000,2010,Automatique,Essence,67 000
Mercedes-Benz Classe C coupé AMG,86 000,2019,Automatique,Hybride,178 000
Land Rover Range Rover Evoque R-Dynamic,150 000,2016,Automatique,Diesel,122 000
BMW Série 4 Gran Coupé,90 000,2019,Automatique,Essence,145 000
Land Rover Range Rover Velar R-Dynamic,55 000,2020,Automatique,Diesel,258 000
Mercedes-Benz GLA AMG,20 000,2023,Automatique,Essence,189 000
Hyundai Kona Hybride N Line,19 500,2020,Automatique,Hybride,97 500
Audi Q3,110 000,2019,Automatique,Essence,112 000
Porsche Cayenne,195 000,2012,Automatique,Essence,152 000
MG HS Trophy,35 000,2021,Automatique,Essence,103 000
Mercedes-Benz Classe S S 350 phase 2,165 000,2010,Automatique,Essence,122 000
Mercedes-Benz Classe C AMG,135 000,2019,Automatique,Essence,Sous leasing                    161 300
Volkswagen Golf 7 Join,83 000,2018,Manuelle,Essence,72 000
Mercedes-Benz Classe S S350. Toit ouvrant,147 000,2009,Automatique,Essence,98 000
Peugeot Partner Origin Utilitaire Pack Clim PM,73 000,2019,Manuelle,Diesel,56 000
KIA Sportage GT-Line,139 000,2018,Automatique,Diesel,95 000
Cupra Formentor Sport,41 000,2022,Automatique,Essence,155 000
Mercedes-Benz Classe C AMG,54 000,2018,Automatique,Hybride,165 000
Mercedes-Benz Classe C AMG,69 000,2020,Automatique,Hybride,165 000
Volkswagen Golf 7 Confortline,69 000,2020,Manuelle,Essence,75 000
KIA Rio 5p,145 000,2019,Manuelle,Essence,51 000
Mercedes-Benz Classe A,66 000,2021,Automatique,Hybride,145 000
Volkswagen Golf 7,88 000,2018,Manuelle,Essence,95 000
BMW Série 1,144 000,2015,Automatique,Essence,55 000
Volkswagen Golf 7 Join,120 000,2020,Automatique,Essence,76 500
BMW X2 Lounge,0,2024,Automatique,Essence,199 000
Land Rover Range Rover Evoque R-Dynamic,59 000,2021,Automatique,Diesel,169 000
Volkswagen Golf 8 R-Line,12 000,2022,Manuelle,Hybride,110 000
Mercedes-Benz GLA AMG,30 000,2018,Automatique,Essence,122 000
Mercedes-Benz GLC Coupé AMG,50 000,2021,Automatique,Hybride,259 000
Mercedes-Benz Classe C AMG +,60 000,2021,Automatique,Essence,174 000
Volkswagen T-roc 1.5,9 000,2024,Automatique,Hybride,155 000
Mercedes-Benz Classe C AMG,32 000,2022,Automatique,Essence,197 000
Land Rover Range Rover Evoque R-Dynamic S,59 000,2021,Automatique,Hybride,218 000
Volkswagen Golf 8,40 000,2020,Automatique,Hybride,115 000
Mercedes-Benz Classe C AMG +,11 000,2024,Automatique,Hybride,248 000
Suzuki Jimny,60 000,2021,Automatique,Essence,89 500
Mercedes-Benz Classe E coupé AMG,180 000,2010,Automatique,Essence,68 000
Volkswagen T-roc Toit ouvrant,44 000,2020,Manuelle,Essence,98 000
Mercedes-Benz Classe C AMG,180 000,2016,Automatique,Essence,99 500
Mercedes-Benz GLB AMG,16 000,2023,Automatique,Essence,184 000
Mercedes-Benz Classe E AMG,0,2024,Automatique,Hybride,435 000
Mercedes-Benz Classe C AMG,175 000,2016,Automatique,Essence,109 000
BMW Série 5 Luxury Line,155 000,2017,Automatique,Essence,124 500
Mercedes-Benz Classe A A200,8 000,2024,Automatique,Hybride,169 000
KIA Sportage GT-Line,40 000,2023,Automatique,Hybride,149 000
Land Rover Range Rover Velar R-Dynamic,33 000,2019,Automatique,Essence,268 000
BMW Série 7 B7 ALPINA,115 000,2011,Automatique,Essence,158 000
Volkswagen Golf 8 ÉDITION,45 000,2021,Manuelle,Essence,89 500
Mercedes-Benz Classe E AMG,0,2024,Automatique,Hybride,450 000
Mercedes-Benz GLC Coupé AMG,0,2024,Automatique,Essence,415 000
Mercedes-Benz CLA AMG,42 000,2020,Automatique,Hybride,169 000
Audi Q5 Sportback S-Line,45 000,2022,Automatique,Hybride,295 000
Mercedes-Benz Classe A A 200,57 000,2018,Automatique,Essence,124 000
Mercedes-Benz CLA AMG,30 000,2023,Automatique,Essence,188 000
Land Rover Range Rover Sport,180 000,2014,Automatique,Essence,178 000
Porsche Panamera 4S E-hybride plugin,32 000,2021,Automatique,Hybride,535 000
Mercedes-Benz GLC Coupé AMG,106 000,2016,Automatique,Essence,225 000
Audi Q3 Sportback hybrid,50 000,2021,Automatique,Hybride,175 000
Porsche Cayenne Coupé,37 000,2020,Automatique,Essence,380 000
Jaguar F-Pace R-Dynamic S,27 000,2021,Automatique,Essence,269 000
BMW X1 FACELIFT PACK M,87 000,2020,Automatique,Essence,129 000
Mitsubishi L200 Sportero,19 000,2022,Automatique,Diesel,168 000
Porsche Cayenne,15 000,2022,Automatique,Hybride,510 000
Audi A5 Sportback S-Line,85 000,2020,Automatique,Essence,147 000
Mercedes-Benz ML,231 000,2010,Automatique,Diesel,88 000
Mercedes-Benz CLA,93 000,2020,Automatique,Diesel,148 000
BMW X6,180 000,2011,Automatique,Essence,98 000
Mercedes-Benz GLC Coupé,70 000,2020,Automatique,Hybride,245 000
Mercedes-Benz Classe G,168 000,2010,Automatique,Diesel,350 000
Peugeot 508,46 000,2020,Automatique,Essence,85 000
Seat Leon Cupra,74 000,2020,Automatique,Essence,132 000
Volkswagen Touareg,308 000,2006,Automatique,Diesel,48 000
Mercedes-Benz Classe S,79 000,2015,Automatique,Hybride,195 000
Peugeot 508,137 000,2019,Automatique,Essence,83 000
Land Rover Range Rover Sport,100 000,2019,Automatique,Hybride,340 000
BMW Série 5,93 000,2020,Automatique,Essence,178 000
Mercedes-Benz GLC Coupé,0,2024,Automatique,Essence,400 000
BMW Série 5,32 000,2021,Automatique,Essence,208 000
Mercedes-Benz Classe G AMG,30 000,2015,Automatique,Essence,630 000
Mercedes-Benz GLC,83 000,2016,Automatique,Essence,158 000
Mercedes-Benz CLA,69 000,2021,Automatique,Hybride,174 000
Citroën DS3,92 000,2017,Manuelle,Essence,30 500
Mini Clubman,34 000,2019,Manuelle,Essence,100 000
Mercedes-Benz Classe S,40 000,2020,Automatique,Hybride,450 000
Nissan Qashqai,26 000,2022,Automatique,Essence,95 000
Mercedes-Benz Classe E,9 000,2022,Automatique,Essence,245 000
Mercedes-Benz GLC Coupé,6 600,2023,Automatique,Essence,360 000
Audi A5 Sportback,58 000,2021,Automatique,Essence,170 000
Seat Ateca,85 000,2020,Automatique,Essence,98 000
Porsche Cayenne E-Hybrid,86 000,2019,Automatique,Hybride,410 000
KIA Picanto GT-Line,63 000,2022,Automatique,Essence,54 500
Toyota Prado,449 000,2003,Automatique,Diesel,88 000
BYD F3,10 000,2022,Manuelle,Essence,47 000
Land Rover Range Rover Sport,37 000,2020,Automatique,Hybride,350 000
Volkswagen Golf 7,73 000,2017,Automatique,Essence,115 000
Porsche Macan,6 900,2023,Automatique,Essence,375 000
BMW Série 3,80 000,2021,Automatique,Essence,174 000
Audi Q3,2 000,2024,Automatique,Essence,190 000
Porsche Cayenne Coupé,59 000,2019,Automatique,Essence,370 000
Toyota Land Cruiser,98 000,2016,Automatique,Diesel,350 000
Mini 5 portes,75 000,2015,Manuelle,Essence,58 000
Mercedes-Benz Classe E coupé,86 000,2018,Automatique,Hybride,340 000
Peugeot 3008,87 000,2019,Automatique,Essence,82 000
Toyota RAV 4,280 000,2016,Automatique,Essence,56 000
Fiat 500 C,71 000,2017,Automatique,Essence,45 500
Mercedes-Benz GLC Coupé,52 000,2020,Automatique,Diesel,240 000
Suzuki Swift,69 000,2020,Automatique,Essence,42 000
Toyota Corolla,32 000,2022,Automatique,Essence,76 000
Ssangyong Korando,80 000,2021,Automatique,Essence,92 500
Jeep Wrangler Sahara,115 000,2018,Automatique,Essence,225 000
Peugeot 2008 Allure,96 000,2015,Manuelle,Essence,40 000
BMW Série 4 Gran Coupé,121 000,2019,Automatique,Essence,100 000
Volkswagen Tiguan,123 000,2021,Manuelle,Essence,95 000
BMW Série 3 318i,200 000,2015,Automatique,Essence,59 000
Peugeot 307,110 451,2007,Manuelle,Essence,25 500
Mercedes-Benz Classe A AMG,96 000,2019,Automatique,Diesel,118 000
Mini Countryman All4,33 000,2020,Automatique,Hybride,139 500
MG ZS,110 000,2021,Manuelle,Essence,58 000
Mercedes-Benz Classe C,7 300,2022,Automatique,Essence,245 000
KIA Sportage Hybride,53 000,2020,Automatique,Hybride,120 000
BMW Série 1 Pack M,110,2020,Automatique,Essence,115 000
Fiat 500 Dolcevita,78 000,2021,Manuelle,Hybride,55 000
Fiat Tipo 5 portes,68 000,2021,Manuelle,Essence,49 500
Renault Clio,138 000,2020,Manuelle,Diesel,49 500
Mercedes-Benz Classe C,158 000,2015,Automatique,Essence,99 000
Suzuki Celerio,0,2024,Manuelle,Essence,39 500
Volkswagen Golf 7,153 000,2015,Manuelle,Essence,48 500
Renault Megane,148 000,2021,Manuelle,Diesel,59 500
Peugeot 208 Style,128 000,2020,Manuelle,Diesel,45 500
Audi Q5 S-line,270 000,2014,Automatique,Diesel,78 000
Citroën C1 Importée Tn245,56 000,2021,Manuelle,Essence,38 500
Haval H6 Luxury,138 000,2021,Automatique,Essence,76 000
Peugeot 3008,148 000,2020,Automatique,Diesel,79 000
Volkswagen Amarok TDI 4*4,198 000,2012,Manuelle,Diesel,57 000
Mercedes-Benz CLA AMG,138 000,2020,Automatique,Diesel,145 000
Mercedes-Benz CLA Importée Tn245,138 000,2020,Automatique,Diesel,118 000
Mercedes-Benz CLA,87 000,2021,Automatique,Essence,149 000
Volkswagen Golf 8 STYLE 1.5 BVA eTSI  importée,87 000,2021,Automatique,Essence,110 000
KIA Sportage GT-Line,119 000,2019,Automatique,Diesel,98 000
Haval H6,16 000,2022,Automatique,Essence,99 000
BMW Série 5 Pack M,70 000,2021,Automatique,Essence,185 000
BMW Série 4 Gran Coupé,53 000,2020,Automatique,Essence,107 000
Hyundai Grand i10 Sedan,150 000,2017,Manuelle,Essence,30 000
Mercedes-Benz Classe C AMG +,146 000,2015,Automatique,Essence,135 000
Volkswagen Golf 8 Active,69 000,2021,Manuelle,Essence,95 000
Mercedes-Benz GLE Coupé,54 000,2020,Automatique,Diesel,420 000
Mazda CX-5 High Grade,63 000,2019,Automatique,Essence,115 000
MG ZS,65 000,2019,Automatique,Essence,65 000
Seat Leon,61 847,2020,Manuelle,Essence,70 000
Mercedes-Benz CLA Urban,125 043,2018,Automatique,Essence,97 000
KIA Sportage Hybride GT-Line,36 000,2023,Automatique,Hybride,150 000
KIA Rio 5p SX,68 954,2019,Manuelle,Essence,54 000
Volkswagen Golf 7 Highline,26 043,2016,Manuelle,Essence,75 000
Volkswagen Golf 8 Life,70 001,2020,Manuelle,Essence,87 000
Toyota Land Cruiser,142 060,2010,Automatique,Diesel,175 000
Volkswagen Golf 7 Confortline,169 452,2019,Automatique,Essence,69 000
BMW Série 1,131 766,2009,Automatique,Essence,40 000
Mercedes-Benz Classe E AMG,55 001,2019,Automatique,Essence,165 000
Mercedes-Benz Classe C AMG +,0,2024,Automatique,Essence,275 000
Mercedes-Benz GLA La nouvelle Gla 250e AMG,10 730,2023,Automatique,Hybride,235 000
Mercedes-Benz Classe E AMG,10 776,2023,Automatique,Essence,390 000
BMW X3 Luxury Line,186 000,2006,Automatique,Diesel,65 000
Mercedes-Benz Classe C AMG,50 893,2022,Automatique,Essence,185 000
KIA Picanto Populaire,3 805,2021,Manuelle,Essence,43 000
Lada 4x4 Urban,24 387,2018,Manuelle,Essence,36 000
Haval H6,12 442,2023,Automatique,Essence,126 000
Nissan Juke Tekna,163 166,2014,Automatique,Essence,51 000
Mitsubishi Pajero LIMITED EDITION,20 742,2023,Manuelle,Diesel,160 000
Mercedes-Benz CLA AMG Edition 1,31 235,2021,Automatique,Hybride,169 900
Peugeot 308 GT-Line GT-Line,96 300,2020,Manuelle,Diesel,64 000
Toyota Prado,199 425,2003,Manuelle,Diesel,129 000
Mini 5 portes,18 000,2021,Automatique,Essence,135 000
BMW Série 3 coupé,156 000,2010,Automatique,Essence,62 000
Mahindra KUV 100 K6+,63 000,2021,Manuelle,Essence,30 000
Haval Jolion 1 ere,30 000,2023,Automatique,Essence,93 000
Peugeot 308,48 000,2023,Automatique,Diesel,126 000
Volkswagen Tiguan R-Line,54 723,2023,Automatique,Essence,198 000
Peugeot Expert,139 199,2019,Manuelle,Diesel,59 000
Volkswagen Golf 8 R-Line,36 651,2022,Automatique,Hybride,138 000
Mini Cabrio,86 111,2010,Manuelle,Essence,48 000
KIA Picanto 1 ère main,0,2024,Automatique,Essence,61 000
Porsche Cayman S,39 508,2008,Manuelle,Essence,275 000
Seat Ibiza,99 519,2021,Manuelle,Essence,54 000
Toyota Land Cruiser,316 620,2003,Automatique,Diesel,119 000
Mercedes-Benz GLC Coupé AMG,82 415,2020,Automatique,Hybride,230 000
Mercedes-Benz Classe C AMG,249 000,2011,Automatique,Essence,65 000
Mercedes-Benz Classe C,30 570,2021,Automatique,Essence,178 000
Peugeot 3008,105 000,2017,Automatique,Essence,71 000
Mercedes-Benz CLA AMG,1 000,2024,Automatique,Hybride,225 000
Volkswagen Golf 8,85 181,2020,Manuelle,Essence,88 000
Volkswagen Golf 7 Join,86 000,2018,Manuelle,Essence,79 000
Volkswagen T-roc,74 107,2019,Manuelle,Essence,78 000
Renault Symbol,115 000,2020,Manuelle,Essence,36 000
Mercedes-Benz CLA AMG,18 500,2023,Automatique,Hybride,185 000
Mercedes-Benz Classe A AMG,68 000,2018,Automatique,Essence,135 000
BMW Série 3 Luxury,112 000,2013,Automatique,Essence,65 000
Audi Q5 S-line,176 000,2015,Automatique,Diesel,110 000
Mercedes-Benz Classe C AMG,145 000,2019,Automatique,Diesel,145 000
Peugeot 2008 Allure Toit Cielo Blanc Nacré,125 000,2018,Automatique,Essence,50 000
Mercedes-Benz Classe A AMG,141 000,2019,Automatique,Diesel,119 000
Volkswagen Golf 8 GTE,26 000,2021,Automatique,Hybride,145 000
Mercedes-Benz CLA AMG,6 000,2024,Automatique,Hybride,220 000
Mercedes-Benz Classe A AMG Premium,131 000,2013,Automatique,Essence,78 000
KIA Picanto,28 000,2021,Automatique,Essence,46 500
Ford Fusion Titanium,217 000,2016,Automatique,Essence,48 000
Mini 5 portes Très bon état,160 000,2016,Manuelle,Essence,49 800
BMW Série 3,180 000,2012,Manuelle,Essence,45 000
Seat Leon 1.2L,140 000,2018,Manuelle,Essence,60 000
Land Rover Range Rover Sport,190 000,2015,Automatique,Essence,200 000
Peugeot 3008 1.2L,70 000,2020,Automatique,Essence,89 000
Volkswagen Golf 8,58 000,2022,Manuelle,Essence,87 000
KIA Sportage 1.6L Diesel,105 000,2018,Manuelle,Diesel,89 000
Mercedes-Benz Classe C,235 000,2013,Manuelle,Essence,55 500
Audi Q5 2.0L,255 000,2009,Automatique,Essence,47 000
Volkswagen Golf 8,40 000,2023,Automatique,Essence,139 000
Mercedes-Benz Classe C AMG,164 000,2014,Automatique,Essence,89 000
Mercedes-Benz Classe E 1.6L,132 000,2017,Automatique,Essence,138 000
Seat Leon Xcellence,37 000,2023,Automatique,Essence,108 000
Jeep Wrangler 4.0L,200 000,1989,Manuelle,Essence,72 000
Renault Clio 1.0L,135 000,2021,Manuelle,Essence,38 500
Audi A3 Sportback 1.2L,125 000,2019,Manuelle,Essence,78 500
Cupra Formentor 1.5L,19 000,2022,Automatique,Hybride,119 000
Ford Fusion 1.6,90 000,2017,Manuelle,Essence,55 500
Mazda 3,124 000,2017,Manuelle,Essence,49 500
Nissan Juke,160 000,2015,Automatique,Essence,39 500
Volvo XC60 2.0L,18 000,2022,Automatique,Essence,227 000
Hyundai Grand i10 1.0L,57 000,2021,Manuelle,Essence,39 800
Skoda Fabia 1.6L,137 000,2018,Manuelle,Essence,43 000
BMW Série 5 520,182 000,2014,Automatique,Essence,75 000
Volkswagen Golf 8 1.5L,80 000,2021,Manuelle,Essence,93 000
BMW X2 S drive,74 000,2020,Automatique,Essence,132 000
Volkswagen Golf 7 Importé,40 000,2020,Manuelle,Essence,73 500
BMW X1 1.6L,126 000,2016,Automatique,Essence,85 000
BMW Série 1 M,40 000,2022,Automatique,Essence,138 500
Citroën Berlingo Utilitaire 1.6L,31 000,2023,Manuelle,Diesel,58 500
Citroën C3,92 000,2018,Manuelle,Essence,38 000
Citroën C3 Live,119 000,2019,Manuelle,Essence,34 500
Citroën C4,109 000,2012,Automatique,Essence,38 000
Peugeot 3008 Allure,38 000,2019,Automatique,Essence,88 000
Mercedes-Benz Classe C Avantgarde,27 000,2022,Automatique,Essence,159 000
Peugeot 3008 Allure,75 000,2020,Automatique,Essence,75 000
BMW X4,140 000,2018,Automatique,Diesel,139 000
Volkswagen Polo R-Line,70 000,2020,Manuelle,Essence,65 500
Volkswagen Golf 7 BVA,200 000,2020,Automatique,Essence,69 000
BMW Série 1 Pack Sport M,165 000,2016,Automatique,Essence,75 000
Hyundai Tucson Top Grade,40 000,2022,Automatique,Essence,147 000
Lada 4x4 Urban,58 000,2020,Manuelle,Essence,41 000
Mercedes-Benz Classe X,68 000,2020,Automatique,Diesel,205 000
Seat Arona Xperience,47 000,2022,Automatique,Essence,81 000
Toyota Corolla Dynamic,85 000,2020,Automatique,Essence,69 000
Fiat 500X Pop Star,60 000,2018,Automatique,Essence,65 000
Land Rover Discovery,170 000,2015,Automatique,Essence,115 000
Haval Jolion,40 000,2021,Automatique,Essence,88 000
Toyota C-HR,130 000,2018,Automatique,Essence,73 000
Nissan Juke Tekna,6 000,2024,Automatique,Essence,92 500
Mercedes-Benz Classe C AMG,20 000,2023,Automatique,Essence,Sous leasing                    255 100
Mercedes-Benz CLA Kit Amg 200,150 000,2020,Manuelle,Essence,129 000
Seat Ibiza Xcellence,68 000,2021,Manuelle,Essence,62 000
KIA Rio 5p SX,70 000,2020,Manuelle,Essence,57 500
MG ZS Luxury,20 000,2022,Automatique,Essence,72 000
Chery Tiggo 7 Pro,0,2024,Automatique,Essence,101 000
Audi Q3 BVA,3 000,2023,Automatique,Essence,165 000
Peugeot 408 GT,10 000,2024,Automatique,Essence,155 000
Jaguar XF Luxury,120 000,2014,Automatique,Essence,87 000
BMW Série 6 Face Lift,190 000,2009,Automatique,Essence,85 000
Land Rover Range Rover Sport HSE Dynamic,300 000,2016,Automatique,Diesel,189 000
KIA Rio 5p GT-Line,70 000,2021,Manuelle,Essence,62 000
KIA Sportage GT-Line,15 000,2024,Automatique,Hybride,188 000
Mercedes-Benz GLA 250e Pack AMG,26 000,2023,Automatique,Hybride,225 000
Mahindra Pick-up SC,120 000,2021,Manuelle,Diesel,39 000
Peugeot 3008,112 000,2020,Automatique,Essence,69 000
KIA Rio 5p GT-Line,9 000,2023,Manuelle,Essence,73 000
Mercedes-Benz Classe C Pack AMG Pack night,120 000,2019,Automatique,Hybride,152 000
Peugeot 3008 GT GT-line,125 000,2020,Automatique,Essence,89 000
MG HS Luxury,87 000,2020,Automatique,Essence,77 900
Mercedes-Benz GLA AMG,90 000,2021,Automatique,Essence,173 000
BMW Série 4 Coupé 420i,180 000,2015,Automatique,Essence,87 000
Chery Tiggo 7 Pro,40 000,2022,Automatique,Essence,88 000
Suzuki Jimny,20 000,2023,Automatique,Essence,98 000
Mercedes-Benz CLA Kit AMG,124 000,2014,Automatique,Essence,83 000
Citroën C3 Shine,88 000,2018,Manuelle,Essence,37 500
Mercedes-Benz Classe C coupé AMG,200 000,2012,Automatique,Essence,63 000
Renault Clio 4,120 000,2021,Manuelle,Essence,45 000
Mini 3 portes One,200 000,2009,Manuelle,Essence,29 000
Hyundai Tucson High Grade,19 000,2023,Automatique,Essence,129 000
Nissan Juke Tekna,53 000,2021,Automatique,Essence,87 000
Jeep Renegade,88 000,2021,Automatique,Essence,88 000
Mercedes-Benz Classe C AMG,120 000,2019,Automatique,Hybride,152 000
Ford Mondeo Hybride,34 000,2020,Automatique,Hybride,109 000
Land Rover Range Rover Evoque,145 000,2018,Automatique,Diesel,120 000
Volkswagen Passat,160 000,2016,Manuelle,Essence,59 000
Haval H6,16 000,2022,Automatique,Essence,117 000
Haval H6 Luxury,55 000,2021,Automatique,Essence,85 000
Volkswagen Golf 8 1.4,40 000,2022,Automatique,Essence,105 000
Jaguar F-Pace R_Dynamic,165 000,2017,Automatique,Diesel,179 000
Renault Kadjar,140 000,2018,Automatique,Essence,70 000
Toyota Corolla,24 000,2022,Automatique,Essence,79 000
Peugeot 308,128 000,2020,Manuelle,Essence,47 000
Mercedes-Benz Classe C coupé AMG,130 000,2018,Automatique,Essence,167 000
Citroën C3 Shine,45 000,2020,Manuelle,Essence,47 500
Ford Focus Titanium,200 000,2015,Manuelle,Essence,40 000
Porsche Panamera,82 000,2011,Automatique,Essence,178 000
KIA Seltos,130 000,2021,Automatique,Essence,89 000
Seat Ibiza FR,40 000,2023,Automatique,Essence,81 000
Alfa Romeo Giulietta,37 000,2019,Automatique,Essence,77 000
Land Rover Discovery R-DYNAMIC,87 000,2020,Automatique,Diesel,235 000
Volkswagen Golf 7 Confortline,190 000,2013,Automatique,Essence,49 000
Renault Megane 4 Diesel,125 000,2020,Manuelle,Diesel,64 500
KIA Rio 5p GT-Line,60 000,2021,Manuelle,Essence,65 000
Fiat Fiorino,120 000,2021,Manuelle,Diesel,35 000
Dacia Duster Techroad,35 000,2020,Manuelle,Essence,75 000
BMW Série 5 530e Xdrive Pack m,50 000,2021,Automatique,Hybride,278 000
BMW Série 4 Gran Coupé 418 Luxury,133 000,2016,Automatique,Essence,97 000
Volkswagen Passat R-Line DSG,40 000,2022,Automatique,Essence,125 000
Toyota Hilux Double Cabine Gr Sport,7 000,2024,Manuelle,Diesel,290 000
Toyota C-HR,55 000,2022,Automatique,Essence,91 000
Audi A5 Sportback S-Line,120 000,2019,Automatique,Essence,109 000
Peugeot 2008,100 000,2021,Manuelle,Diesel,80 000
KIA Rio 5p,85 000,2022,Manuelle,Essence,Sous leasing                    59 700
Honda CR-V,67 000,2018,Automatique,Essence,91 000
Audi Q5 S-line,40 000,2021,Automatique,Diesel,295 000
KIA Sportage Hybride,114 000,2021,Automatique,Hybride,107 000
KIA Sportage GT-Line,19 000,2021,Manuelle,Diesel,128 000
Dacia Duster Techroad,34 000,2020,Manuelle,Essence,76 000
Mercedes-Benz Classe S AMG,3 000,2022,Automatique,Hybride,660 000
BMW X5 Hybride Xdrive E45,19 000,2021,Automatique,Hybride,455 000
Hyundai Tucson Hybride Xcellence,120 000,2022,Automatique,Hybride,138 000
BMW Série 1 I Pack Sport,200 000,2019,Automatique,Essence,75 000
KIA Sportage GT-Line,140 000,2017,Automatique,Diesel,105 000
Mercedes-Benz Classe C AMG,50 000,2023,Automatique,Essence,235 000
Jaguar XE,140 000,2017,Automatique,Diesel,120 000
Peugeot Rifter,95 000,2020,Manuelle,Diesel,72 000
BMW Série 7 740LI,98 000,2010,Automatique,Essence,110 000
Peugeot Rifter 5 places,95 000,2020,Manuelle,Diesel,72 000
Land Rover Range Rover Evoque Hybride,50 000,2019,Automatique,Diesel,187 000
Ford Mondeo Hybride,32 000,2020,Automatique,Hybride,115 000
KIA Rio 5p GT-Line,64 000,2021,Manuelle,Essence,64 000
Mercedes-Benz GLC AMG,115 000,2017,Automatique,Essence,169 000
Mini 5 portes One,78 000,2016,Manuelle,Essence,57 000
Citroën C3 Shine,28 000,2020,Manuelle,Essence,48 000
Audi A3 Berline,50 000,2019,Automatique,Essence,85 000
KIA Sportage,127 000,2019,Automatique,Essence,83 500
Mercedes-Benz GLA AMG,12 000,2023,Automatique,Essence,Non dédouané                    235 000
Audi Q3,95 000,2017,Automatique,Essence,95 000
Mercedes-Benz GLB 200 d,111 000,2021,Automatique,Diesel,210 000
Audi A4 Face_lift,143 000,2016,Automatique,Essence,58 000
Land Rover Range Rover Evoque Face_lift,170 000,2016,Automatique,Essence,95 000
BMW Série 1 Pack M,40 000,2020,Automatique,Essence,135 000
Land Rover Range Rover Evoque Hybride,40 000,2019,Automatique,Diesel,195 000
Haval H6 Luxury,120 000,2020,Automatique,Essence,79 000
Iveco Daily Simple Cabine,40 000,2022,Manuelle,Diesel,105 000
Land Rover Discovery Sport,128 000,2017,Automatique,Diesel,128 000
Haval H6 Luxury,40 000,2021,Automatique,Essence,90 000
KIA Sportage Hybride,140 000,2020,Automatique,Hybride,98 000
KIA Sportage,125 000,2019,Automatique,Essence,85 000
Hyundai Tucson Hybride,80 000,2021,Automatique,Hybride,137 000
Audi Q5 QUATTRO 40 TDI,170 000,2019,Automatique,Diesel,165 000
Fiat Panda City Cross,52 000,2020,Manuelle,Essence,43 500
Volkswagen Golf 6 Match,240 000,2012,Manuelle,Diesel,45 000
Ford Ranger Raptor,100 000,2022,Automatique,Diesel,228 000
BMW Série 4 Coupé Pack M,140 000,2021,Automatique,Essence,130 000
Mercedes-Benz Classe B,100 000,2014,Manuelle,Essence,48 000
MG ZS Luxury,80 000,2022,Automatique,Essence,75 000
Land Rover Range Rover Evoque Hybride,60 000,2019,Automatique,Diesel,210 000
Renault Kadjar,70 000,2019,Manuelle,Essence,68 000
Mazda 3 Sky active,103 000,2017,Manuelle,Essence,56 000
Audi Q8 S_Line,16 000,2021,Automatique,Essence,398 000
Mercedes-Benz Classe C coupé AMG,50 000,2019,Automatique,Essence,173 000
MG ZS,35 000,2022,Manuelle,Essence,Sous leasing                    78 000
Suzuki Baleno,160 000,2017,Automatique,Essence,40 000
KIA Sportage,69 000,2019,Automatique,Essence,95 000
Ford Kuga,100 000,2017,Manuelle,Essence,69 000
Mercedes-Benz CLS AMG,160 000,2011,Automatique,Diesel,119 000
Mercedes-Benz GLA 180 Pack AMG,40 000,2022,Automatique,Essence,185 000
Seat Arona,26 000,2021,Manuelle,Essence,73 500
Toyota Corolla,90 000,2021,Automatique,Essence,71 000
Haval H6 Luxury,115 000,2020,Automatique,Essence,79 000
Skoda Superb Ambassador,30 000,2021,Automatique,Essence,125 000
MG 6,22 000,2021,Automatique,Essence,79 000
Mercedes-Benz GLC Coupé AMG,190 000,2017,Automatique,Diesel,189 000
Mercedes-Benz Classe C 180 elegance,170 000,2016,Automatique,Essence,89 000
Mercedes-Benz GLC Coupé AMG,69 000,2020,Automatique,Hybride,278 000
Mercedes-Benz Classe E 180,90 000,2018,Automatique,Essence,135 000
Ssangyong Actyon Sports,200 000,2017,Manuelle,Diesel,42 000
DS 3,138 000,2012,Automatique,Essence,35 000
Audi A3 Berline,17 000,2020,Manuelle,Essence,97 000
Nissan Qashqai,147 000,2011,Automatique,Essence,43 000
BMW Série 5 Confort Luxury,200 000,2015,Automatique,Essence,90 000
Volkswagen Passat R-Line,100 000,2019,Automatique,Essence,101 000
Land Rover Discovery Sport,160 000,2017,Automatique,Diesel,125 000
Citroën C3 Shine,90 000,2019,Manuelle,Essence,44 500
Volkswagen Amarok,370 000,2012,Manuelle,Diesel,49 000
Mercedes-Benz Classe E Business,8 000,2022,Automatique,Essence,Sous leasing                    291 800
Mini 3 portes one,140 000,2013,Manuelle,Essence,37 000
BMW Série 1,126 000,2017,Manuelle,Essence,68 000
Toyota Hilux Double Cabine 4*4,3 000,2024,Manuelle,Essence,231 000
Peugeot 2008 Allure,34 000,2022,Automatique,Essence,97 000
Mercedes-Benz Classe A AMG,20 000,2022,Automatique,Essence,158 000
Volkswagen Passat R-Line,60 000,2020,Automatique,Essence,106 000
Volkswagen Tiguan,60 000,2018,Automatique,Essence,90 000
Mercedes-Benz Classe C AMG,160 000,2014,Automatique,Essence,99 000
Chery Tiggo 8 Pro,80 000,2022,Automatique,Essence,96 000
BYD F3,10 000,2022,Manuelle,Essence,47 000
Citroën C3 Shine,58 000,2019,Manuelle,Essence,44 500
BMW Série 4 Coupé 420i Pack M,160 000,2015,Automatique,Essence,107 000
Audi Q3 S-line,100 000,2017,Automatique,Essence,90 000
Volkswagen Golf 8 United,26 000,2020,Manuelle,Essence,109 000
Peugeot 208,60 000,2020,Manuelle,Essence,35 000
Audi A5 Cabriolet S-line,120 000,2010,Automatique,Essence,59 000
Honda Accord,11 000,2022,Automatique,Essence,135 000
Volkswagen Golf 7,40 000,2019,Manuelle,Essence,74 000
KIA Sportage,40 000,2020,Automatique,Essence,119 000
BMW Série 2 Gran Coupé 218i,21 000,2022,Automatique,Essence,135 000
Fiat Tipo 5 portes,75 000,2018,Manuelle,Essence,46 000
Haval H6,13 000,2022,Automatique,Essence,Sous leasing                    150 600
Volkswagen Golf 7 Smartline,140 000,2015,Automatique,Essence,52 000
Haval H6 Luxury,90 000,2019,Automatique,Essence,78 000
Chevrolet Cruze,90 000,2018,Manuelle,Essence,40 000
Volkswagen Golf 7,29 000,2019,Manuelle,Essence,76 000
Mercedes-Benz Classe E 200,330 000,2010,Automatique,Essence,51 000
Mercedes-Benz Classe E e220,330 000,2011,Automatique,Diesel,77 000
Volkswagen Golf 8 R-Line,40 000,2021,Automatique,Essence,145 000
Mercedes-Benz Classe C AMG,16 000,2023,Automatique,Essence,240 000
Dodge RAM Rumble bee,65 000,2019,Automatique,Essence,Non dédouané                    212 000
Mercedes-Benz CLA,163 000,2014,Automatique,Essence,81 000
Haval H2 Luxury,40 000,2019,Automatique,Essence,69 000
Haval H6 Luxury,32 000,2019,Automatique,Essence,86 000
Mercedes-Benz CLA AMG,30 000,2021,Automatique,Essence,169 000
Mercedes-Benz Classe A 180d,50 000,2019,Automatique,Diesel,98 000
Volkswagen Golf 7,64 000,2019,Automatique,Essence,74 000
Audi A3 Sportback S-Line,70 000,2019,Automatique,Essence,95 000
Mercedes-Benz Classe C AMG,40 000,2022,Automatique,Essence,205 000
DS 7 Crossback Grand Chic,140 000,2021,Automatique,Essence,105 000
Mercedes-Benz Classe C AMG,50 000,2022,Automatique,Essence,Sous leasing                    264 200
Volkswagen Golf 7 Join,70 000,2018,Automatique,Essence,84 000
Mercedes-Benz CLA 220,240 000,2013,Automatique,Diesel,79 000
BMW X6 Pack M,270 000,2008,Automatique,Diesel,110 000
Audi A5 Cabriolet S-line,120 000,2010,Automatique,Essence,59 000
Seat Leon Style,65 000,2020,Manuelle,Essence,73 000
Citroën Berlingo Utilitaire,170 000,2018,Manuelle,Diesel,37 500
KIA Sportage,23 000,2022,Automatique,Essence,143 000
Volkswagen Golf 7,180 000,2019,Automatique,Essence,64 000
Mercedes-Benz Classe S Executive,170 000,2008,Automatique,Essence,78 000
Volkswagen Tiguan Confortline,33 000,2020,Automatique,Essence,128 000
Volkswagen Golf 7 R-Line,130 000,2018,Manuelle,Essence,80 000
Hyundai Kona,30 000,2021,Manuelle,Hybride,79 000
Seat Leon FR,70 000,2022,Automatique,Essence,Sous leasing                    122 800
Hyundai Grand i10,30 000,2022,Manuelle,Essence,53 000
Peugeot 2008 GT_LINE,30 000,2021,Manuelle,Essence,92 000
Mercedes-Benz Classe C coupé AMG,40 000,2019,Automatique,Essence,179 000
KIA Sportage GT-Line,120 000,2021,Automatique,Hybride,119 000
BMW Série 3 318i,117 000,2017,Automatique,Essence,88 000
Chery Tiggo 2 Confort,60 000,2020,Manuelle,Essence,43 500
Haval Jolion,40 000,2022,Automatique,Essence,87 000
Mercedes-Benz Classe C AMG,40 000,2022,Automatique,Essence,208 000
Hyundai Grand i10,54 000,2021,Automatique,Essence,53 000
Seat Ibiza FR,100 000,2020,Automatique,Essence,68 000
Mercedes-Benz CLA AMG,20 000,2020,Automatique,Essence,169 000
Seat Ibiza FR,50 000,2020,Manuelle,Essence,67 000
Volkswagen T-roc,87 000,2020,Manuelle,Essence,85 000
Mercedes-Benz GLA AMG,74 000,2016,Automatique,Essence,113 000
Mercedes-Benz Classe C AMG,170 000,2014,Automatique,Essence,115 000
Audi Q3 Sportback,10 000,2021,Automatique,Essence,188 000
Audi Q5,100 000,2018,Automatique,Diesel,215 000
Volkswagen Golf 8 R-Line,70 000,2021,Automatique,Essence,125 000
Jaguar F-Pace R-DYNAMIC,165 000,2017,Automatique,Diesel,185 000
Peugeot 3008 GT-line,260 000,2017,Automatique,Essence,77 000
Land Rover Range Rover Velar R-Dynamic,100 000,2019,Automatique,Diesel,Non dédouané                    350 000
Porsche Panamera PLATINUM édition,100 000,2014,Automatique,Essence,255 000
Land Rover Range Rover Velar R-Dynamic,90 000,2020,Automatique,Essence,295 000
Dongfeng Forthing T5 EVO,4 000,2023,Automatique,Essence,Sous leasing                    182 900
Chery Tiggo 3,75 000,2018,Manuelle,Essence,47 000
Audi Q3,77 000,2017,Automatique,Essence,85 000
Renault Kadjar Intens,150 000,2018,Automatique,Essence,66 000
Volkswagen Golf 8 R-Line,40 000,2021,Automatique,Essence,155 000
Mercedes-Benz Classe C AMG,35 000,2020,Automatique,Hybride,205 000
Volkswagen Golf 7 Join,120 000,2019,Automatique,Essence,80 000
BMW Série 4 Gran Coupé Luxury,100 000,2018,Automatique,Essence,99 000
Hyundai Tucson,24 000,2023,Automatique,Essence,161 000
Hyundai Tucson,120 000,2020,Automatique,Essence,87 000
BMW Série 1 Pack sport,70 000,2020,Automatique,Essence,92 000
Fiat Panda City Cross,20 000,2022,Manuelle,Essence,45 000
BMW Série 4 Gran Coupé 418 PACK M,110 000,2017,Automatique,Essence,125 000
Mercedes-Benz Classe E AMG,135 000,2011,Automatique,Essence,77 000
Mercedes-Benz Classe C AMG,80 000,2022,Automatique,Essence,215 000
Dongfeng SX3,30 000,2021,Manuelle,Essence,65 000
Volkswagen Golf 8 United,16 000,2021,Manuelle,Essence,128 000
Mercedes-Benz Classe A AMG,15 000,2022,Automatique,Essence,172 000
Mercedes-Benz Classe C AMG,80 000,2019,Automatique,Diesel,148 000
MG GS Luxe,115 000,2017,Automatique,Essence,62 000
Mitsubishi ASX 4WD,55 000,2021,Automatique,Essence,Sous leasing                    122 800
Land Rover Discovery,130 000,2017,Automatique,Diesel,126 000
Audi A5 Sportback,70 000,2021,Automatique,Essence,185 000
BMW Série 7 Individuel,300 000,2008,Automatique,Essence,45 000
Land Rover Range Rover Sport,160 000,2014,Automatique,Diesel,245 000
BMW Série 4 Coupé,78 000,2017,Automatique,Essence,110 000
MG GS Luxe Plus,100 000,2017,Automatique,Essence,61 000
Peugeot RCZ,171 000,2011,Manuelle,Essence,40 000
Land Rover Discovery Sport,94 000,2016,Automatique,Diesel,118 000
Volkswagen Amarok AWD,180 000,2016,Manuelle,Diesel,87 000
BMW Série 7 740I FACE-LIFT,220 000,2008,Automatique,Essence,55 000
Ford Ecosport Titanium,67 000,2022,Manuelle,Essence,69 000
Toyota Corolla Cross Hybride High,36 000,2022,Automatique,Hybride,120 000
MG ZS Confort Plus,141 000,2019,Automatique,Essence,58 000
KIA Sportage,150 000,2019,Automatique,Essence,85 000
BMW Série 3 coupé Kit M///,152 000,2012,Manuelle,Essence,74 000
Mercedes-Benz Classe C AMG,200 000,2011,Automatique,Essence,71 000
Audi A5 Coupé,109 000,2014,Automatique,Essence,75 000
KIA Rio 5p SX,35 000,2020,Manuelle,Essence,58 500
BMW Série 1 Business Line,251 000,2012,Manuelle,Essence,36 500
Volkswagen Golf 7 Sound,125 000,2018,Manuelle,Essence,78 000
Mercedes-Benz CLA AMG,25 000,2021,Automatique,Hybride,170 000
Mercedes-Benz Classe A AMG,35 000,2020,Automatique,Hybride,135 000
Peugeot 308,102 000,2020,Manuelle,Essence,50 000
Ford Ecosport Titanium,44 000,2022,Manuelle,Essence,67 000
Fiat 500 Cult Club,3 000,2023,Automatique,Essence,62 000
Mercedes-Benz Classe A AMG,60 000,2021,Automatique,Essence,115 000
Volkswagen Tiguan R-Line,160 000,2019,Automatique,Essence,110 000
Volkswagen Scirocco,200 000,2010,Manuelle,Essence,40 000
Audi A5 Sportback,80 000,2019,Automatique,Essence,115 000
Hyundai Tucson,81 000,2018,Automatique,Diesel,100 000
Land Rover Discovery,110 000,2016,Automatique,Essence,125 000
Mercedes-Benz Classe A,90 000,2021,Automatique,Essence,110 000
Hyundai Tucson Hybride Top Grade,16 000,2023,Automatique,Diesel,178 000
Peugeot 508,145 000,2018,Automatique,Essence,51 000
Mercedes-Benz Classe C coupé AMG,120 000,2019,Automatique,Essence,145 000
Land Rover Range Rover Sport,90 000,2017,Automatique,Diesel,230 000
Porsche Cayenne,158 000,2015,Automatique,Essence,220 000
BMW Série 3,210 000,2015,Automatique,Essence,67 000
Mercedes-Benz Classe A,50 000,2020,Automatique,Essence,108 000
Mercedes-Benz Classe C,180 000,2013,Automatique,Essence,66 000
Renault Kadjar,98 000,2021,Automatique,Essence,83 000
Land Rover Range Rover Sport,208 000,2007,Automatique,Diesel,85 000
Audi Q3,40 000,2023,Automatique,Hybride,200 000
KIA Sorento,120 000,2016,Automatique,Diesel,95 000
KIA Sportage,140 000,2018,Automatique,Diesel,118 000
KIA Rio 5p SX PLUS,99 000,2020,Manuelle,Essence,53 000
Wallyscar 719,86 573,2023,Manuelle,Essence,Sous leasing                    47 100
Renault Megane Sedan,46 000,2019,Manuelle,Essence,61 000
Ford Ecosport,19 000,2022,Manuelle,Essence,78 000
Mercedes-Benz ML,250 000,2007,Automatique,Diesel,58 000
Ford Focus Trend Sport,180 000,2014,Manuelle,Essence,36 000
Toyota Prado Adventure,330 000,1999,Manuelle,Diesel,65 000
Peugeot 207 Access Plus,290 000,2011,Manuelle,Diesel,27 500
Mercedes-Benz CLA,60 000,2021,Automatique,Diesel,145 000
Hyundai ix35 Toit Panoramique,160 000,2016,Automatique,Diesel,63 500
Volkswagen Polo Sedan Trendline,170 000,2020,Manuelle,Essence,41 300
Mercedes-Benz Classe A AMG,180 000,2014,Automatique,Essence,68 500
Mercedes-Benz GLC Coupé AMG,0,2024,Automatique,Essence,420 000
Mercedes-Benz Classe C,200 000,2014,Automatique,Essence,105 000
Ssangyong Tivoli Confort Plus,4 700,2018,Automatique,Essence,65 000
Mini 3 portes John Cooper Works,100 000,2017,Automatique,Essence,63 000
Toyota Hilux Double Cabine D4D,140 000,2020,Automatique,Diesel,168 000
Land Rover Range Rover Evoque HSE,60 000,2022,Automatique,Hybride,255 000
Mercedes-Benz Classe A Berline AMG,100 000,2020,Automatique,Essence,132 000
Land Rover Range Rover Sport Autobiography,60 000,2021,Automatique,Hybride,385 000
Mercedes-Benz CLA AMG,0,2024,Automatique,Essence,220 000
Porsche Cayenne Coupé GTS,70 000,2020,Automatique,Hybride,480 000
Mercedes-Benz GLE Coupé,30 000,2022,Automatique,Hybride,450 000
Mercedes-Benz Classe E AMG,70 000,2020,Automatique,Hybride,260 000
Mercedes-Benz GLC Coupé AMG,80 000,2021,Automatique,Hybride,270 000
BMW Série 4 Gran Coupé KIT-M-individual,120 000,2016,Automatique,Essence,145 000
Mercedes-Benz CLA,130 000,2017,Automatique,Diesel,115 000
Audi A3 Sportback 1.5,900,2023,Automatique,Hybride,145 000
Tesla Model 3 Modèle 3 Highland 2024,15 000,2023,Automatique,Electrique,190 000
Mercedes-Benz GLC AMG,130 000,2018,Automatique,Hybride,197 000
Mercedes-Benz Classe E,158 000,2020,Automatique,Diesel,168 000
Nissan Qashqai,147 000,2016,Manuelle,Diesel,56 000
Hyundai Tucson,37 000,2022,Automatique,Essence,145 000
Audi Q2 Design,77 000,2019,Automatique,Essence,95 000
KIA Rio 5p,51 000,2021,Manuelle,Essence,62 000
Toyota C-HR,71 000,2021,Automatique,Essence,85 000
KIA Sportage Black Edition,117 000,2018,Automatique,Essence,78 000
Mahindra KUV 100 K6+,90 000,2021,Manuelle,Essence,26 000
Toyota C-HR,165 000,2020,Automatique,Essence,75 000
Ford Fiesta Trend,161 000,2013,Manuelle,Essence,28 000
BMW Série 4 Coupé M,85 000,2019,Automatique,Essence,150 000
Renault Megane Sedan,70 000,2021,Manuelle,Essence,60 000
Mazda CX-9 High grade,155 000,2019,Automatique,Essence,104 000
Ford Fiesta Titanium,223 000,2013,Manuelle,Essence,29 500
Peugeot Partner,320 000,2009,Manuelle,Diesel,26 000
Suzuki Celerio,45 000,2022,Manuelle,Essence,37 900
Mercedes-Benz CLA AMG,100 000,2020,Automatique,Essence,144 900
MG HS Trophy,111 000,2022,Automatique,Essence,90 000
Seat Ibiza,83 000,2019,Manuelle,Essence,41 500
Ssangyong Tivoli,235 000,2018,Automatique,Essence,48 000
Mahindra KUV 100 K6+,59 000,2022,Manuelle,Essence,32 500
Hyundai H-1,999 999,2006,Manuelle,Essence,18 000
