Title,Price (TND),Location
CHEVROLET SONIC PREMIÈRE MAIN EN ÉTAT NEUF,0 ,Bizerte
Nissan Micra Essence 2020 1ère main,33 800 ,Nabeul
Great-wall MK-GT Essence 2021,45 500 ,Beja
Peugeot 308 Essence 2015,32 000 ,Ben arous
Mazda MAZDA6 Essence 2018,61 ,Ben arous
Audi Q3 Essence 2019,95 000 ,Tunis
Volkswagen Golf 6 Diesel 2010,38 500 ,Bizerte
Peugeot 405 Diesel 1971,22 000 ,Sousse
Peugeot 508 Diesel 2019,95 000 ,Tunis
CLIO 4 PREMIÈRE MAIN EN TRÈS BON ÉTAT,41 500 ,Bizerte
Mahindra KUV 100 Essence 2018,25 000 ,Sfax
Mahindra KUV 100 Essence 2018,26 800 ,Ariana
Volkswagen Golf Essence 2019,65 000 ,Ariana
Skoda Octavia Essence 2015,41 000 ,Manouba
Hyundai I10 Essence 2020,33 ,Nabeul
Kia RIO Essence 2015,37 000 ,Tunis
Opel Corsa Essence 1999,11 000 ,Nabeul
Volkswagen T-ROCK Essence 2019,95 ,Ben arous
Kuv100 /k8 toute neuve,0 ,Sousse
Kia SPORTAGE Hybride 2022,0 ,Manouba
Ssangyong Tivoli Essence 2021,65 ,Manouba
Chery QQ Essence 2018,21 000 ,Sousse
Dacia SANDERO Essence 2014,36 ,Nabeul
Peugeot 208 Essence 2016,28 000 ,Ariana
Mercedes Classe C Essence 2016,90 ,Tunis
Volkswagen Polo Essence 2001,16 000 ,Ben arous
Volkswagen Polo Essence 1998,13 200 ,Manouba
Renault Clio Essence 2003,11 111 ,Ariana
Chevrolet AVEO Essence 2012,18 000 ,Tunis
Kia RIO Essence 2018,41 000 ,Sfax
Peugeot 108 Essence 2017,30 000 ,Manouba
Ssangyong Actyon Diesel 2017,50 ,Tunis
Peugeot 106 Essence 1994,111 ,Gabes
Peugeot 208 Essence 2019,34 ,Sousse
Suzuki Swift Essence 2018,34 ,Ariana
Hyundai I20 Essence 2016,34 000 ,Tunis
Chery Tiggo 2 Essence 2020,42 500 ,Tunis
Audi A4 Essence 2013,45 000 ,Tunis
Honda CIVIC Essence 2020,80 000 ,Ariana
Fiat PALIO WEEKEND Essence 2008,14 500 ,Ariana
Peugeot 106 Essence 1997,11 900 ,Tunis
Ford AUTRE Essence 2013,20 500 ,Tunis
Seat Ibiza Essence 2023,0 ,Ben arous
Kia RIO Essence 2022,63 500 ,Tunis
Bmw AUTRE Diesel 2009,1 ,Ariana
Renault Clio Essence 2024,62 500 ,Ben arous
Volkswagen Golf Diesel 2012,33 500 ,Sousse
Audi A4 Essence 2012,37 ,Bizerte
Peugeot 207 Essence 2012,26 500 ,Nabeul
Citroen C4 Essence 2012,25 000 ,Nabeul
Great-wall MK-GT Essence 2021,45 500 ,Beja
Peugeot 308 Essence 2015,32 000 ,Ben arous
Mazda MAZDA6 Essence 2018,61 ,Ben arous
Audi Q3 Essence 2019,95 000 ,Tunis
Volkswagen Golf 6 Diesel 2010,38 500 ,Bizerte
Peugeot 405 Diesel 1971,22 000 ,Sousse
Peugeot 508 Diesel 2019,95 000 ,Tunis
CLIO 4 PREMIÈRE MAIN EN TRÈS BON ÉTAT,41 500 ,Bizerte
Mahindra KUV 100 Essence 2018,25 000 ,Sfax
Mahindra KUV 100 Essence 2018,26 800 ,Ariana
Volkswagen Golf Essence 2019,65 000 ,Ariana
Skoda Octavia Essence 2015,41 000 ,Manouba
Hyundai I10 Essence 2020,33 ,Nabeul
Kia RIO Essence 2015,37 000 ,Tunis
Opel Corsa Essence 1999,11 000 ,Nabeul
Volkswagen T-ROCK Essence 2019,95 ,Ben arous
Kuv100 /k8 toute neuve,0 ,Sousse
Kia SPORTAGE Hybride 2022,0 ,Manouba
Ssangyong Tivoli Essence 2021,65 ,Manouba
Chery QQ Essence 2018,21 000 ,Sousse
Dacia SANDERO Essence 2014,36 ,Nabeul
Peugeot 208 Essence 2016,28 000 ,Ariana
Mercedes Classe C Essence 2016,90 ,Tunis
Volkswagen Polo Essence 2001,16 000 ,Ben arous
Volkswagen Polo Essence 1998,13 200 ,Manouba
Renault Clio Essence 2003,11 111 ,Ariana
Chevrolet AVEO Essence 2012,18 000 ,Tunis
Kia RIO Essence 2018,41 000 ,Sfax
Peugeot 108 Essence 2017,30 000 ,Manouba
Ssangyong Actyon Diesel 2017,50 ,Tunis
Peugeot 106 Essence 1994,111 ,Gabes
Peugeot 208 Essence 2019,34 ,Sousse
Suzuki Swift Essence 2018,34 ,Ariana
Hyundai I20 Essence 2016,34 000 ,Tunis
Chery Tiggo 2 Essence 2020,42 500 ,Tunis
Audi A4 Essence 2013,45 000 ,Tunis
Honda CIVIC Essence 2020,80 000 ,Ariana
Fiat PALIO WEEKEND Essence 2008,14 500 ,Ariana
Peugeot 106 Essence 1997,11 900 ,Tunis
Ford AUTRE Essence 2013,20 500 ,Tunis
Seat Ibiza Essence 2023,0 ,Ben arous
Kia RIO Essence 2022,63 500 ,Tunis
Bmw AUTRE Diesel 2009,1 ,Ariana
Renault Clio Essence 2024,62 500 ,Ben arous
Volkswagen Golf Diesel 2012,33 500 ,Sousse
Audi A4 Essence 2012,37 ,Bizerte
Peugeot 207 Essence 2012,26 500 ,Nabeul
Citroen C4 Essence 2012,25 000 ,Nabeul
Ford focus a vendre,30 000 ,Siliana
Mercedes Classe Glk Essence 2009,80 000 ,Sfax
Peugeot 308 Essence 2015,32 000 ,Ben arous
Mazda MAZDA6 Essence 2018,61 ,Ben arous
Audi Q3 Essence 2019,95 000 ,Tunis
Volkswagen Golf 6 Diesel 2010,38 500 ,Bizerte
Peugeot 405 Diesel 1971,22 000 ,Sousse
Peugeot 508 Diesel 2019,95 000 ,Tunis
CLIO 4 PREMIÈRE MAIN EN TRÈS BON ÉTAT,41 500 ,Bizerte
Mahindra KUV 100 Essence 2018,25 000 ,Sfax
Mahindra KUV 100 Essence 2018,26 800 ,Ariana
Volkswagen Golf Essence 2019,65 000 ,Ariana
Skoda Octavia Essence 2015,41 000 ,Manouba
Hyundai I10 Essence 2020,33 ,Nabeul
Kia RIO Essence 2015,37 000 ,Tunis
Opel Corsa Essence 1999,11 000 ,Nabeul
Volkswagen T-ROCK Essence 2019,95 ,Ben arous
Kuv100 /k8 toute neuve,0 ,Sousse
Kia SPORTAGE Hybride 2022,0 ,Manouba
Ssangyong Tivoli Essence 2021,65 ,Manouba
Chery QQ Essence 2018,21 000 ,Sousse
Dacia SANDERO Essence 2014,36 ,Nabeul
Peugeot 208 Essence 2016,28 000 ,Ariana
Mercedes Classe C Essence 2016,90 ,Tunis
Volkswagen Polo Essence 2001,16 000 ,Ben arous
Volkswagen Polo Essence 1998,13 200 ,Manouba
Renault Clio Essence 2003,11 111 ,Ariana
Chevrolet AVEO Essence 2012,18 000 ,Tunis
Kia RIO Essence 2018,41 000 ,Sfax
Peugeot 108 Essence 2017,30 000 ,Manouba
Ssangyong Actyon Diesel 2017,50 ,Tunis
Peugeot 106 Essence 1994,111 ,Gabes
Peugeot 208 Essence 2019,34 ,Sousse
Suzuki Swift Essence 2018,34 ,Ariana
Hyundai I20 Essence 2016,34 000 ,Tunis
Chery Tiggo 2 Essence 2020,42 500 ,Tunis
Audi A4 Essence 2013,45 000 ,Tunis
Honda CIVIC Essence 2020,80 000 ,Ariana
Fiat PALIO WEEKEND Essence 2008,14 500 ,Ariana
Peugeot 106 Essence 1997,11 900 ,Tunis
Ford AUTRE Essence 2013,20 500 ,Tunis
Seat Ibiza Essence 2023,0 ,Ben arous
Kia RIO Essence 2022,63 500 ,Tunis
Bmw AUTRE Diesel 2009,1 ,Ariana
Renault Clio Essence 2024,62 500 ,Ben arous
Volkswagen Golf Diesel 2012,33 500 ,Sousse
Audi A4 Essence 2012,37 ,Bizerte
Peugeot 207 Essence 2012,26 500 ,Nabeul
Citroen C4 Essence 2012,25 000 ,Nabeul
Ford focus a vendre,30 000 ,Siliana
Mercedes Classe Glk Essence 2009,80 000 ,Sfax
Volkswagen Jetta Essence 2011,34 500 ,Tunis
Mazda MAZDA6 Essence 2018,61 ,Ben arous
Audi Q3 Essence 2019,95 000 ,Tunis
Volkswagen Golf 6 Diesel 2010,38 500 ,Bizerte
Peugeot 405 Diesel 1971,22 000 ,Sousse
Peugeot 508 Diesel 2019,95 000 ,Tunis
CLIO 4 PREMIÈRE MAIN EN TRÈS BON ÉTAT,41 500 ,Bizerte
Mahindra KUV 100 Essence 2018,25 000 ,Sfax
Mahindra KUV 100 Essence 2018,26 800 ,Ariana
Volkswagen Golf Essence 2019,65 000 ,Ariana
Skoda Octavia Essence 2015,41 000 ,Manouba
Hyundai I10 Essence 2020,33 ,Nabeul
Kia RIO Essence 2015,37 000 ,Tunis
Opel Corsa Essence 1999,11 000 ,Nabeul
Volkswagen T-ROCK Essence 2019,95 ,Ben arous
Kuv100 /k8 toute neuve,0 ,Sousse
Kia SPORTAGE Hybride 2022,0 ,Manouba
Ssangyong Tivoli Essence 2021,65 ,Manouba
Chery QQ Essence 2018,21 000 ,Sousse
Dacia SANDERO Essence 2014,36 ,Nabeul
Peugeot 208 Essence 2016,28 000 ,Ariana
Mercedes Classe C Essence 2016,90 ,Tunis
Volkswagen Polo Essence 2001,16 000 ,Ben arous
Volkswagen Polo Essence 1998,13 200 ,Manouba
Renault Clio Essence 2003,11 111 ,Ariana
Chevrolet AVEO Essence 2012,18 000 ,Tunis
Kia RIO Essence 2018,41 000 ,Sfax
Peugeot 108 Essence 2017,30 000 ,Manouba
Ssangyong Actyon Diesel 2017,50 ,Tunis
Peugeot 106 Essence 1994,111 ,Gabes
Peugeot 208 Essence 2019,34 ,Sousse
Suzuki Swift Essence 2018,34 ,Ariana
Hyundai I20 Essence 2016,34 000 ,Tunis
Chery Tiggo 2 Essence 2020,42 500 ,Tunis
Audi A4 Essence 2013,45 000 ,Tunis
Honda CIVIC Essence 2020,80 000 ,Ariana
Fiat PALIO WEEKEND Essence 2008,14 500 ,Ariana
Peugeot 106 Essence 1997,11 900 ,Tunis
Ford AUTRE Essence 2013,20 500 ,Tunis
Seat Ibiza Essence 2023,0 ,Ben arous
Kia RIO Essence 2022,63 500 ,Tunis
Bmw AUTRE Diesel 2009,1 ,Ariana
Renault Clio Essence 2024,62 500 ,Ben arous
Volkswagen Golf Diesel 2012,33 500 ,Sousse
Audi A4 Essence 2012,37 ,Bizerte
Peugeot 207 Essence 2012,26 500 ,Nabeul
Citroen C4 Essence 2012,25 000 ,Nabeul
Ford focus a vendre,30 000 ,Siliana
Mercedes Classe Glk Essence 2009,80 000 ,Sfax
Volkswagen Jetta Essence 2011,34 500 ,Tunis
Peugeot 206 Essence 2012,23 500 ,Ben arous
Audi Q3 Essence 2019,95 000 ,Tunis
Volkswagen Golf 6 Diesel 2010,38 500 ,Bizerte
Peugeot 405 Diesel 1971,22 000 ,Sousse
Peugeot 508 Diesel 2019,95 000 ,Tunis
CLIO 4 PREMIÈRE MAIN EN TRÈS BON ÉTAT,41 500 ,Bizerte
Mahindra KUV 100 Essence 2018,25 000 ,Sfax
Mahindra KUV 100 Essence 2018,26 800 ,Ariana
Volkswagen Golf Essence 2019,65 000 ,Ariana
Skoda Octavia Essence 2015,41 000 ,Manouba
Hyundai I10 Essence 2020,33 ,Nabeul
Kia RIO Essence 2015,37 000 ,Tunis
Opel Corsa Essence 1999,11 000 ,Nabeul
Volkswagen T-ROCK Essence 2019,95 ,Ben arous
Kuv100 /k8 toute neuve,0 ,Sousse
Kia SPORTAGE Hybride 2022,0 ,Manouba
Ssangyong Tivoli Essence 2021,65 ,Manouba
Chery QQ Essence 2018,21 000 ,Sousse
Dacia SANDERO Essence 2014,36 ,Nabeul
Peugeot 208 Essence 2016,28 000 ,Ariana
Mercedes Classe C Essence 2016,90 ,Tunis
Volkswagen Polo Essence 2001,16 000 ,Ben arous
Volkswagen Polo Essence 1998,13 200 ,Manouba
Renault Clio Essence 2003,11 111 ,Ariana
Chevrolet AVEO Essence 2012,18 000 ,Tunis
Kia RIO Essence 2018,41 000 ,Sfax
Peugeot 108 Essence 2017,30 000 ,Manouba
Ssangyong Actyon Diesel 2017,50 ,Tunis
Peugeot 106 Essence 1994,111 ,Gabes
Peugeot 208 Essence 2019,34 ,Sousse
Suzuki Swift Essence 2018,34 ,Ariana
Hyundai I20 Essence 2016,34 000 ,Tunis
Chery Tiggo 2 Essence 2020,42 500 ,Tunis
Audi A4 Essence 2013,45 000 ,Tunis
Honda CIVIC Essence 2020,80 000 ,Ariana
Fiat PALIO WEEKEND Essence 2008,14 500 ,Ariana
Peugeot 106 Essence 1997,11 900 ,Tunis
Ford AUTRE Essence 2013,20 500 ,Tunis
Seat Ibiza Essence 2023,0 ,Ben arous
Kia RIO Essence 2022,63 500 ,Tunis
Bmw AUTRE Diesel 2009,1 ,Ariana
Renault Clio Essence 2024,62 500 ,Ben arous
Volkswagen Golf Diesel 2012,33 500 ,Sousse
Audi A4 Essence 2012,37 ,Bizerte
Peugeot 207 Essence 2012,26 500 ,Nabeul
Citroen C4 Essence 2012,25 000 ,Nabeul
Ford focus a vendre,30 000 ,Siliana
Mercedes Classe Glk Essence 2009,80 000 ,Sfax
Volkswagen Jetta Essence 2011,34 500 ,Tunis
Peugeot 206 Essence 2012,23 500 ,Ben arous
Peugeot 3008 Essence 2020,105 000 ,Mahdia
Volkswagen Golf 6 Diesel 2010,38 500 ,Bizerte
Peugeot 405 Diesel 1971,22 000 ,Sousse
Peugeot 508 Diesel 2019,95 000 ,Tunis
CLIO 4 PREMIÈRE MAIN EN TRÈS BON ÉTAT,41 500 ,Bizerte
Mahindra KUV 100 Essence 2018,25 000 ,Sfax
Mahindra KUV 100 Essence 2018,26 800 ,Ariana
Volkswagen Golf Essence 2019,65 000 ,Ariana
Skoda Octavia Essence 2015,41 000 ,Manouba
Hyundai I10 Essence 2020,33 ,Nabeul
Kia RIO Essence 2015,37 000 ,Tunis
Opel Corsa Essence 1999,11 000 ,Nabeul
Volkswagen T-ROCK Essence 2019,95 ,Ben arous
Kuv100 /k8 toute neuve,0 ,Sousse
Kia SPORTAGE Hybride 2022,0 ,Manouba
Ssangyong Tivoli Essence 2021,65 ,Manouba
Chery QQ Essence 2018,21 000 ,Sousse
Dacia SANDERO Essence 2014,36 ,Nabeul
Peugeot 208 Essence 2016,28 000 ,Ariana
Mercedes Classe C Essence 2016,90 ,Tunis
Volkswagen Polo Essence 2001,16 000 ,Ben arous
Volkswagen Polo Essence 1998,13 200 ,Manouba
Renault Clio Essence 2003,11 111 ,Ariana
Chevrolet AVEO Essence 2012,18 000 ,Tunis
Kia RIO Essence 2018,41 000 ,Sfax
Peugeot 108 Essence 2017,30 000 ,Manouba
Ssangyong Actyon Diesel 2017,50 ,Tunis
Peugeot 106 Essence 1994,111 ,Gabes
Peugeot 208 Essence 2019,34 ,Sousse
Suzuki Swift Essence 2018,34 ,Ariana
Hyundai I20 Essence 2016,34 000 ,Tunis
Chery Tiggo 2 Essence 2020,42 500 ,Tunis
Audi A4 Essence 2013,45 000 ,Tunis
Honda CIVIC Essence 2020,80 000 ,Ariana
Fiat PALIO WEEKEND Essence 2008,14 500 ,Ariana
Peugeot 106 Essence 1997,11 900 ,Tunis
Ford AUTRE Essence 2013,20 500 ,Tunis
Seat Ibiza Essence 2023,0 ,Ben arous
Kia RIO Essence 2022,63 500 ,Tunis
Bmw AUTRE Diesel 2009,1 ,Ariana
Renault Clio Essence 2024,62 500 ,Ben arous
Volkswagen Golf Diesel 2012,33 500 ,Sousse
Audi A4 Essence 2012,37 ,Bizerte
Peugeot 207 Essence 2012,26 500 ,Nabeul
Citroen C4 Essence 2012,25 000 ,Nabeul
Ford focus a vendre,30 000 ,Siliana
Mercedes Classe Glk Essence 2009,80 000 ,Sfax
Volkswagen Jetta Essence 2011,34 500 ,Tunis
Peugeot 206 Essence 2012,23 500 ,Ben arous
Peugeot 3008 Essence 2020,105 000 ,Mahdia
Mercedes Classe C Essence 2012,80 000 ,Sfax
Peugeot 405 Diesel 1971,22 000 ,Sousse
Peugeot 508 Diesel 2019,95 000 ,Tunis
CLIO 4 PREMIÈRE MAIN EN TRÈS BON ÉTAT,41 500 ,Bizerte
Mahindra KUV 100 Essence 2018,25 000 ,Sfax
Mahindra KUV 100 Essence 2018,26 800 ,Ariana
Volkswagen Golf Essence 2019,65 000 ,Ariana
Skoda Octavia Essence 2015,41 000 ,Manouba
Hyundai I10 Essence 2020,33 ,Nabeul
Kia RIO Essence 2015,37 000 ,Tunis
Opel Corsa Essence 1999,11 000 ,Nabeul
Volkswagen T-ROCK Essence 2019,95 ,Ben arous
Kuv100 /k8 toute neuve,0 ,Sousse
Kia SPORTAGE Hybride 2022,0 ,Manouba
Ssangyong Tivoli Essence 2021,65 ,Manouba
Chery QQ Essence 2018,21 000 ,Sousse
Dacia SANDERO Essence 2014,36 ,Nabeul
Peugeot 208 Essence 2016,28 000 ,Ariana
Mercedes Classe C Essence 2016,90 ,Tunis
Volkswagen Polo Essence 2001,16 000 ,Ben arous
Volkswagen Polo Essence 1998,13 200 ,Manouba
Renault Clio Essence 2003,11 111 ,Ariana
Chevrolet AVEO Essence 2012,18 000 ,Tunis
Kia RIO Essence 2018,41 000 ,Sfax
Peugeot 108 Essence 2017,30 000 ,Manouba
Ssangyong Actyon Diesel 2017,50 ,Tunis
Peugeot 106 Essence 1994,111 ,Gabes
Peugeot 208 Essence 2019,34 ,Sousse
Suzuki Swift Essence 2018,34 ,Ariana
Hyundai I20 Essence 2016,34 000 ,Tunis
Chery Tiggo 2 Essence 2020,42 500 ,Tunis
Audi A4 Essence 2013,45 000 ,Tunis
Honda CIVIC Essence 2020,80 000 ,Ariana
Fiat PALIO WEEKEND Essence 2008,14 500 ,Ariana
Peugeot 106 Essence 1997,11 900 ,Tunis
Ford AUTRE Essence 2013,20 500 ,Tunis
Seat Ibiza Essence 2023,0 ,Ben arous
Kia RIO Essence 2022,63 500 ,Tunis
Bmw AUTRE Diesel 2009,1 ,Ariana
Renault Clio Essence 2024,62 500 ,Ben arous
Volkswagen Golf Diesel 2012,33 500 ,Sousse
Audi A4 Essence 2012,37 ,Bizerte
Peugeot 207 Essence 2012,26 500 ,Nabeul
Citroen C4 Essence 2012,25 000 ,Nabeul
Ford focus a vendre,30 000 ,Siliana
Mercedes Classe Glk Essence 2009,80 000 ,Sfax
Volkswagen Jetta Essence 2011,34 500 ,Tunis
Peugeot 206 Essence 2012,23 500 ,Ben arous
Peugeot 3008 Essence 2020,105 000 ,Mahdia
Mercedes Classe C Essence 2012,80 000 ,Sfax
Renault Clio Essence 2021,44 000 ,Sfax
Peugeot 508 Diesel 2019,95 000 ,Tunis
CLIO 4 PREMIÈRE MAIN EN TRÈS BON ÉTAT,41 500 ,Bizerte
Mahindra KUV 100 Essence 2018,25 000 ,Sfax
Mahindra KUV 100 Essence 2018,26 800 ,Ariana
Volkswagen Golf Essence 2019,65 000 ,Ariana
Skoda Octavia Essence 2015,41 000 ,Manouba
Hyundai I10 Essence 2020,33 ,Nabeul
Kia RIO Essence 2015,37 000 ,Tunis
Opel Corsa Essence 1999,11 000 ,Nabeul
Volkswagen T-ROCK Essence 2019,95 ,Ben arous
Kuv100 /k8 toute neuve,0 ,Sousse
Kia SPORTAGE Hybride 2022,0 ,Manouba
Ssangyong Tivoli Essence 2021,65 ,Manouba
Chery QQ Essence 2018,21 000 ,Sousse
Dacia SANDERO Essence 2014,36 ,Nabeul
Peugeot 208 Essence 2016,28 000 ,Ariana
Mercedes Classe C Essence 2016,90 ,Tunis
Volkswagen Polo Essence 2001,16 000 ,Ben arous
Volkswagen Polo Essence 1998,13 200 ,Manouba
Renault Clio Essence 2003,11 111 ,Ariana
Chevrolet AVEO Essence 2012,18 000 ,Tunis
Kia RIO Essence 2018,41 000 ,Sfax
Peugeot 108 Essence 2017,30 000 ,Manouba
Ssangyong Actyon Diesel 2017,50 ,Tunis
Peugeot 106 Essence 1994,111 ,Gabes
Peugeot 208 Essence 2019,34 ,Sousse
Suzuki Swift Essence 2018,34 ,Ariana
Hyundai I20 Essence 2016,34 000 ,Tunis
Chery Tiggo 2 Essence 2020,42 500 ,Tunis
Audi A4 Essence 2013,45 000 ,Tunis
Honda CIVIC Essence 2020,80 000 ,Ariana
Fiat PALIO WEEKEND Essence 2008,14 500 ,Ariana
Peugeot 106 Essence 1997,11 900 ,Tunis
Ford AUTRE Essence 2013,20 500 ,Tunis
Seat Ibiza Essence 2023,0 ,Ben arous
Kia RIO Essence 2022,63 500 ,Tunis
Bmw AUTRE Diesel 2009,1 ,Ariana
Renault Clio Essence 2024,62 500 ,Ben arous
Volkswagen Golf Diesel 2012,33 500 ,Sousse
Audi A4 Essence 2012,37 ,Bizerte
Peugeot 207 Essence 2012,26 500 ,Nabeul
Citroen C4 Essence 2012,25 000 ,Nabeul
Ford focus a vendre,30 000 ,Siliana
Mercedes Classe Glk Essence 2009,80 000 ,Sfax
Volkswagen Jetta Essence 2011,34 500 ,Tunis
Peugeot 206 Essence 2012,23 500 ,Ben arous
Peugeot 3008 Essence 2020,105 000 ,Mahdia
Mercedes Classe C Essence 2012,80 000 ,Sfax
Renault Clio Essence 2021,44 000 ,Sfax
Volkswagen Golf 3 Diesel 1995,15 800 ,Ben arous
CLIO 4 PREMIÈRE MAIN EN TRÈS BON ÉTAT,41 500 ,Bizerte
Mahindra KUV 100 Essence 2018,25 000 ,Sfax
Mahindra KUV 100 Essence 2018,26 800 ,Ariana
Volkswagen Golf Essence 2019,65 000 ,Ariana
Skoda Octavia Essence 2015,41 000 ,Manouba
Hyundai I10 Essence 2020,33 ,Nabeul
Kia RIO Essence 2015,37 000 ,Tunis
Opel Corsa Essence 1999,11 000 ,Nabeul
Volkswagen T-ROCK Essence 2019,95 ,Ben arous
Kuv100 /k8 toute neuve,0 ,Sousse
Kia SPORTAGE Hybride 2022,0 ,Manouba
Ssangyong Tivoli Essence 2021,65 ,Manouba
Chery QQ Essence 2018,21 000 ,Sousse
Dacia SANDERO Essence 2014,36 ,Nabeul
Peugeot 208 Essence 2016,28 000 ,Ariana
Mercedes Classe C Essence 2016,90 ,Tunis
Volkswagen Polo Essence 2001,16 000 ,Ben arous
Volkswagen Polo Essence 1998,13 200 ,Manouba
Renault Clio Essence 2003,11 111 ,Ariana
Chevrolet AVEO Essence 2012,18 000 ,Tunis
Kia RIO Essence 2018,41 000 ,Sfax
Peugeot 108 Essence 2017,30 000 ,Manouba
Ssangyong Actyon Diesel 2017,50 ,Tunis
Peugeot 106 Essence 1994,111 ,Gabes
Peugeot 208 Essence 2019,34 ,Sousse
Suzuki Swift Essence 2018,34 ,Ariana
Hyundai I20 Essence 2016,34 000 ,Tunis
Chery Tiggo 2 Essence 2020,42 500 ,Tunis
Audi A4 Essence 2013,45 000 ,Tunis
Honda CIVIC Essence 2020,80 000 ,Ariana
Fiat PALIO WEEKEND Essence 2008,14 500 ,Ariana
Peugeot 106 Essence 1997,11 900 ,Tunis
Ford AUTRE Essence 2013,20 500 ,Tunis
Seat Ibiza Essence 2023,0 ,Ben arous
Kia RIO Essence 2022,63 500 ,Tunis
Bmw AUTRE Diesel 2009,1 ,Ariana
Renault Clio Essence 2024,62 500 ,Ben arous
Volkswagen Golf Diesel 2012,33 500 ,Sousse
Audi A4 Essence 2012,37 ,Bizerte
Peugeot 207 Essence 2012,26 500 ,Nabeul
Citroen C4 Essence 2012,25 000 ,Nabeul
Ford focus a vendre,30 000 ,Siliana
Mercedes Classe Glk Essence 2009,80 000 ,Sfax
Volkswagen Jetta Essence 2011,34 500 ,Tunis
Peugeot 206 Essence 2012,23 500 ,Ben arous
Peugeot 3008 Essence 2020,105 000 ,Mahdia
Mercedes Classe C Essence 2012,80 000 ,Sfax
Renault Clio Essence 2021,44 000 ,Sfax
Volkswagen Golf 3 Diesel 1995,15 800 ,Ben arous
Citroen AUTRE Essence 2017,1 ,Manouba
Mahindra KUV 100 Essence 2018,25 000 ,Sfax
Mahindra KUV 100 Essence 2018,26 800 ,Ariana
Volkswagen Golf Essence 2019,65 000 ,Ariana
Skoda Octavia Essence 2015,41 000 ,Manouba
Hyundai I10 Essence 2020,33 ,Nabeul
Kia RIO Essence 2015,37 000 ,Tunis
Opel Corsa Essence 1999,11 000 ,Nabeul
Volkswagen T-ROCK Essence 2019,95 ,Ben arous
Kuv100 /k8 toute neuve,0 ,Sousse
Kia SPORTAGE Hybride 2022,0 ,Manouba
Ssangyong Tivoli Essence 2021,65 ,Manouba
Chery QQ Essence 2018,21 000 ,Sousse
Dacia SANDERO Essence 2014,36 ,Nabeul
Peugeot 208 Essence 2016,28 000 ,Ariana
Mercedes Classe C Essence 2016,90 ,Tunis
Volkswagen Polo Essence 2001,16 000 ,Ben arous
Volkswagen Polo Essence 1998,13 200 ,Manouba
Renault Clio Essence 2003,11 111 ,Ariana
Chevrolet AVEO Essence 2012,18 000 ,Tunis
Kia RIO Essence 2018,41 000 ,Sfax
Peugeot 108 Essence 2017,30 000 ,Manouba
Ssangyong Actyon Diesel 2017,50 ,Tunis
Peugeot 106 Essence 1994,111 ,Gabes
Peugeot 208 Essence 2019,34 ,Sousse
Suzuki Swift Essence 2018,34 ,Ariana
Hyundai I20 Essence 2016,34 000 ,Tunis
Chery Tiggo 2 Essence 2020,42 500 ,Tunis
Audi A4 Essence 2013,45 000 ,Tunis
Honda CIVIC Essence 2020,80 000 ,Ariana
Fiat PALIO WEEKEND Essence 2008,14 500 ,Ariana
Peugeot 106 Essence 1997,11 900 ,Tunis
Ford AUTRE Essence 2013,20 500 ,Tunis
Seat Ibiza Essence 2023,0 ,Ben arous
Kia RIO Essence 2022,63 500 ,Tunis
Bmw AUTRE Diesel 2009,1 ,Ariana
Renault Clio Essence 2024,62 500 ,Ben arous
Volkswagen Golf Diesel 2012,33 500 ,Sousse
Audi A4 Essence 2012,37 ,Bizerte
Peugeot 207 Essence 2012,26 500 ,Nabeul
Citroen C4 Essence 2012,25 000 ,Nabeul
Ford focus a vendre,30 000 ,Siliana
Mercedes Classe Glk Essence 2009,80 000 ,Sfax
Volkswagen Jetta Essence 2011,34 500 ,Tunis
Peugeot 206 Essence 2012,23 500 ,Ben arous
Peugeot 3008 Essence 2020,105 000 ,Mahdia
Mercedes Classe C Essence 2012,80 000 ,Sfax
Renault Clio Essence 2021,44 000 ,Sfax
Volkswagen Golf 3 Diesel 1995,15 800 ,Ben arous
Citroen AUTRE Essence 2017,1 ,Manouba
Citroen AUTRE Essence 2015,23 500 ,Tunis
Mahindra KUV 100 Essence 2018,26 800 ,Ariana
Volkswagen Golf Essence 2019,65 000 ,Ariana
Skoda Octavia Essence 2015,41 000 ,Manouba
Hyundai I10 Essence 2020,33 ,Nabeul
Kia RIO Essence 2015,37 000 ,Tunis
Opel Corsa Essence 1999,11 000 ,Nabeul
Volkswagen T-ROCK Essence 2019,95 ,Ben arous
Kuv100 /k8 toute neuve,0 ,Sousse
Kia SPORTAGE Hybride 2022,0 ,Manouba
Ssangyong Tivoli Essence 2021,65 ,Manouba
Chery QQ Essence 2018,21 000 ,Sousse
Dacia SANDERO Essence 2014,36 ,Nabeul
Peugeot 208 Essence 2016,28 000 ,Ariana
Mercedes Classe C Essence 2016,90 ,Tunis
Volkswagen Polo Essence 2001,16 000 ,Ben arous
Volkswagen Polo Essence 1998,13 200 ,Manouba
Renault Clio Essence 2003,11 111 ,Ariana
Chevrolet AVEO Essence 2012,18 000 ,Tunis
Kia RIO Essence 2018,41 000 ,Sfax
Peugeot 108 Essence 2017,30 000 ,Manouba
Ssangyong Actyon Diesel 2017,50 ,Tunis
Peugeot 106 Essence 1994,111 ,Gabes
Peugeot 208 Essence 2019,34 ,Sousse
Suzuki Swift Essence 2018,34 ,Ariana
Hyundai I20 Essence 2016,34 000 ,Tunis
Chery Tiggo 2 Essence 2020,42 500 ,Tunis
Audi A4 Essence 2013,45 000 ,Tunis
Honda CIVIC Essence 2020,80 000 ,Ariana
Fiat PALIO WEEKEND Essence 2008,14 500 ,Ariana
Peugeot 106 Essence 1997,11 900 ,Tunis
Ford AUTRE Essence 2013,20 500 ,Tunis
Seat Ibiza Essence 2023,0 ,Ben arous
Kia RIO Essence 2022,63 500 ,Tunis
Bmw AUTRE Diesel 2009,1 ,Ariana
Renault Clio Essence 2024,62 500 ,Ben arous
Volkswagen Golf Diesel 2012,33 500 ,Sousse
Audi A4 Essence 2012,37 ,Bizerte
Peugeot 207 Essence 2012,26 500 ,Nabeul
Citroen C4 Essence 2012,25 000 ,Nabeul
Ford focus a vendre,30 000 ,Siliana
Mercedes Classe Glk Essence 2009,80 000 ,Sfax
Volkswagen Jetta Essence 2011,34 500 ,Tunis
Peugeot 206 Essence 2012,23 500 ,Ben arous
Peugeot 3008 Essence 2020,105 000 ,Mahdia
Mercedes Classe C Essence 2012,80 000 ,Sfax
Renault Clio Essence 2021,44 000 ,Sfax
Volkswagen Golf 3 Diesel 1995,15 800 ,Ben arous
Citroen AUTRE Essence 2017,1 ,Manouba
Citroen AUTRE Essence 2015,23 500 ,Tunis
Golf 8 neuf,95 ,Gafsa
Volkswagen Golf Essence 2019,65 000 ,Ariana
Skoda Octavia Essence 2015,41 000 ,Manouba
Hyundai I10 Essence 2020,33 ,Nabeul
Kia RIO Essence 2015,37 000 ,Tunis
Opel Corsa Essence 1999,11 000 ,Nabeul
Volkswagen T-ROCK Essence 2019,95 ,Ben arous
Kuv100 /k8 toute neuve,0 ,Sousse
Kia SPORTAGE Hybride 2022,0 ,Manouba
Ssangyong Tivoli Essence 2021,65 ,Manouba
Chery QQ Essence 2018,21 000 ,Sousse
Dacia SANDERO Essence 2014,36 ,Nabeul
Peugeot 208 Essence 2016,28 000 ,Ariana
Mercedes Classe C Essence 2016,90 ,Tunis
Volkswagen Polo Essence 2001,16 000 ,Ben arous
Volkswagen Polo Essence 1998,13 200 ,Manouba
Renault Clio Essence 2003,11 111 ,Ariana
Chevrolet AVEO Essence 2012,18 000 ,Tunis
Kia RIO Essence 2018,41 000 ,Sfax
Peugeot 108 Essence 2017,30 000 ,Manouba
Ssangyong Actyon Diesel 2017,50 ,Tunis
Peugeot 106 Essence 1994,111 ,Gabes
Peugeot 208 Essence 2019,34 ,Sousse
Suzuki Swift Essence 2018,34 ,Ariana
Hyundai I20 Essence 2016,34 000 ,Tunis
Chery Tiggo 2 Essence 2020,42 500 ,Tunis
Audi A4 Essence 2013,45 000 ,Tunis
Honda CIVIC Essence 2020,80 000 ,Ariana
Fiat PALIO WEEKEND Essence 2008,14 500 ,Ariana
Peugeot 106 Essence 1997,11 900 ,Tunis
Ford AUTRE Essence 2013,20 500 ,Tunis
Seat Ibiza Essence 2023,0 ,Ben arous
Kia RIO Essence 2022,63 500 ,Tunis
Bmw AUTRE Diesel 2009,1 ,Ariana
Renault Clio Essence 2024,62 500 ,Ben arous
Volkswagen Golf Diesel 2012,33 500 ,Sousse
Audi A4 Essence 2012,37 ,Bizerte
Peugeot 207 Essence 2012,26 500 ,Nabeul
Citroen C4 Essence 2012,25 000 ,Nabeul
Ford focus a vendre,30 000 ,Siliana
Mercedes Classe Glk Essence 2009,80 000 ,Sfax
Volkswagen Jetta Essence 2011,34 500 ,Tunis
Peugeot 206 Essence 2012,23 500 ,Ben arous
Peugeot 3008 Essence 2020,105 000 ,Mahdia
Mercedes Classe C Essence 2012,80 000 ,Sfax
Renault Clio Essence 2021,44 000 ,Sfax
Volkswagen Golf 3 Diesel 1995,15 800 ,Ben arous
Citroen AUTRE Essence 2017,1 ,Manouba
Citroen AUTRE Essence 2015,23 500 ,Tunis
Golf 8 neuf,95 ,Gafsa
Peugeot Partner Diesel 2011,17 ,Nabeul
Skoda Octavia Essence 2015,41 000 ,Manouba
Hyundai I10 Essence 2020,33 ,Nabeul
Kia RIO Essence 2015,37 000 ,Tunis
Opel Corsa Essence 1999,11 000 ,Nabeul
Volkswagen T-ROCK Essence 2019,95 ,Ben arous
Kuv100 /k8 toute neuve,0 ,Sousse
Kia SPORTAGE Hybride 2022,0 ,Manouba
Ssangyong Tivoli Essence 2021,65 ,Manouba
Chery QQ Essence 2018,21 000 ,Sousse
Dacia SANDERO Essence 2014,36 ,Nabeul
Peugeot 208 Essence 2016,28 000 ,Ariana
Mercedes Classe C Essence 2016,90 ,Tunis
Volkswagen Polo Essence 2001,16 000 ,Ben arous
Volkswagen Polo Essence 1998,13 200 ,Manouba
Renault Clio Essence 2003,11 111 ,Ariana
Chevrolet AVEO Essence 2012,18 000 ,Tunis
Kia RIO Essence 2018,41 000 ,Sfax
Peugeot 108 Essence 2017,30 000 ,Manouba
Ssangyong Actyon Diesel 2017,50 ,Tunis
Peugeot 106 Essence 1994,111 ,Gabes
Peugeot 208 Essence 2019,34 ,Sousse
Suzuki Swift Essence 2018,34 ,Ariana
Hyundai I20 Essence 2016,34 000 ,Tunis
Chery Tiggo 2 Essence 2020,42 500 ,Tunis
Audi A4 Essence 2013,45 000 ,Tunis
Honda CIVIC Essence 2020,80 000 ,Ariana
Fiat PALIO WEEKEND Essence 2008,14 500 ,Ariana
Peugeot 106 Essence 1997,11 900 ,Tunis
Ford AUTRE Essence 2013,20 500 ,Tunis
Seat Ibiza Essence 2023,0 ,Ben arous
Kia RIO Essence 2022,63 500 ,Tunis
Bmw AUTRE Diesel 2009,1 ,Ariana
Renault Clio Essence 2024,62 500 ,Ben arous
Volkswagen Golf Diesel 2012,33 500 ,Sousse
Audi A4 Essence 2012,37 ,Bizerte
Peugeot 207 Essence 2012,26 500 ,Nabeul
Citroen C4 Essence 2012,25 000 ,Nabeul
Ford focus a vendre,30 000 ,Siliana
Mercedes Classe Glk Essence 2009,80 000 ,Sfax
Volkswagen Jetta Essence 2011,34 500 ,Tunis
Peugeot 206 Essence 2012,23 500 ,Ben arous
Peugeot 3008 Essence 2020,105 000 ,Mahdia
Mercedes Classe C Essence 2012,80 000 ,Sfax
Renault Clio Essence 2021,44 000 ,Sfax
Volkswagen Golf 3 Diesel 1995,15 800 ,Ben arous
Citroen AUTRE Essence 2017,1 ,Manouba
Citroen AUTRE Essence 2015,23 500 ,Tunis
Golf 8 neuf,95 ,Gafsa
Peugeot Partner Diesel 2011,17 ,Nabeul
Renault Autres Essence 2017,40 000 ,Zaghouan
Hyundai I10 Essence 2020,33 ,Nabeul
Kia RIO Essence 2015,37 000 ,Tunis
Opel Corsa Essence 1999,11 000 ,Nabeul
Volkswagen T-ROCK Essence 2019,95 ,Ben arous
Kuv100 /k8 toute neuve,0 ,Sousse
Kia SPORTAGE Hybride 2022,0 ,Manouba
Ssangyong Tivoli Essence 2021,65 ,Manouba
Chery QQ Essence 2018,21 000 ,Sousse
Dacia SANDERO Essence 2014,36 ,Nabeul
Peugeot 208 Essence 2016,28 000 ,Ariana
Mercedes Classe C Essence 2016,90 ,Tunis
Volkswagen Polo Essence 2001,16 000 ,Ben arous
Volkswagen Polo Essence 1998,13 200 ,Manouba
Renault Clio Essence 2003,11 111 ,Ariana
Chevrolet AVEO Essence 2012,18 000 ,Tunis
Kia RIO Essence 2018,41 000 ,Sfax
Peugeot 108 Essence 2017,30 000 ,Manouba
Ssangyong Actyon Diesel 2017,50 ,Tunis
Peugeot 106 Essence 1994,111 ,Gabes
Peugeot 208 Essence 2019,34 ,Sousse
Suzuki Swift Essence 2018,34 ,Ariana
Hyundai I20 Essence 2016,34 000 ,Tunis
Chery Tiggo 2 Essence 2020,42 500 ,Tunis
Audi A4 Essence 2013,45 000 ,Tunis
Honda CIVIC Essence 2020,80 000 ,Ariana
Fiat PALIO WEEKEND Essence 2008,14 500 ,Ariana
Peugeot 106 Essence 1997,11 900 ,Tunis
Ford AUTRE Essence 2013,20 500 ,Tunis
Seat Ibiza Essence 2023,0 ,Ben arous
Kia RIO Essence 2022,63 500 ,Tunis
Bmw AUTRE Diesel 2009,1 ,Ariana
Renault Clio Essence 2024,62 500 ,Ben arous
Volkswagen Golf Diesel 2012,33 500 ,Sousse
Audi A4 Essence 2012,37 ,Bizerte
Peugeot 207 Essence 2012,26 500 ,Nabeul
Citroen C4 Essence 2012,25 000 ,Nabeul
Ford focus a vendre,30 000 ,Siliana
Mercedes Classe Glk Essence 2009,80 000 ,Sfax
Volkswagen Jetta Essence 2011,34 500 ,Tunis
Peugeot 206 Essence 2012,23 500 ,Ben arous
Peugeot 3008 Essence 2020,105 000 ,Mahdia
Mercedes Classe C Essence 2012,80 000 ,Sfax
Renault Clio Essence 2021,44 000 ,Sfax
Volkswagen Golf 3 Diesel 1995,15 800 ,Ben arous
Citroen AUTRE Essence 2017,1 ,Manouba
Citroen AUTRE Essence 2015,23 500 ,Tunis
Golf 8 neuf,95 ,Gafsa
Peugeot Partner Diesel 2011,17 ,Nabeul
Renault Autres Essence 2017,40 000 ,Zaghouan
Hyundai I10 Essence 2017,39 900 ,Bizerte
Kia RIO Essence 2015,37 000 ,Tunis
Opel Corsa Essence 1999,11 000 ,Nabeul
Volkswagen T-ROCK Essence 2019,95 ,Ben arous
Kuv100 /k8 toute neuve,0 ,Sousse
Kia SPORTAGE Hybride 2022,0 ,Manouba
Ssangyong Tivoli Essence 2021,65 ,Manouba
Chery QQ Essence 2018,21 000 ,Sousse
Dacia SANDERO Essence 2014,36 ,Nabeul
Peugeot 208 Essence 2016,28 000 ,Ariana
Mercedes Classe C Essence 2016,90 ,Tunis
Volkswagen Polo Essence 2001,16 000 ,Ben arous
Volkswagen Polo Essence 1998,13 200 ,Manouba
Renault Clio Essence 2003,11 111 ,Ariana
Chevrolet AVEO Essence 2012,18 000 ,Tunis
Kia RIO Essence 2018,41 000 ,Sfax
Peugeot 108 Essence 2017,30 000 ,Manouba
Ssangyong Actyon Diesel 2017,50 ,Tunis
Peugeot 106 Essence 1994,111 ,Gabes
Peugeot 208 Essence 2019,34 ,Sousse
Suzuki Swift Essence 2018,34 ,Ariana
Hyundai I20 Essence 2016,34 000 ,Tunis
Chery Tiggo 2 Essence 2020,42 500 ,Tunis
Audi A4 Essence 2013,45 000 ,Tunis
Honda CIVIC Essence 2020,80 000 ,Ariana
Fiat PALIO WEEKEND Essence 2008,14 500 ,Ariana
Peugeot 106 Essence 1997,11 900 ,Tunis
Ford AUTRE Essence 2013,20 500 ,Tunis
Seat Ibiza Essence 2023,0 ,Ben arous
Kia RIO Essence 2022,63 500 ,Tunis
Bmw AUTRE Diesel 2009,1 ,Ariana
Renault Clio Essence 2024,62 500 ,Ben arous
Volkswagen Golf Diesel 2012,33 500 ,Sousse
Audi A4 Essence 2012,37 ,Bizerte
Peugeot 207 Essence 2012,26 500 ,Nabeul
Citroen C4 Essence 2012,25 000 ,Nabeul
Ford focus a vendre,30 000 ,Siliana
Mercedes Classe Glk Essence 2009,80 000 ,Sfax
Volkswagen Jetta Essence 2011,34 500 ,Tunis
Peugeot 206 Essence 2012,23 500 ,Ben arous
Peugeot 3008 Essence 2020,105 000 ,Mahdia
Mercedes Classe C Essence 2012,80 000 ,Sfax
Renault Clio Essence 2021,44 000 ,Sfax
Volkswagen Golf 3 Diesel 1995,15 800 ,Ben arous
Citroen AUTRE Essence 2017,1 ,Manouba
Citroen AUTRE Essence 2015,23 500 ,Tunis
Golf 8 neuf,95 ,Gafsa
Peugeot Partner Diesel 2011,17 ,Nabeul
Renault Autres Essence 2017,40 000 ,Zaghouan
Hyundai I10 Essence 2017,39 900 ,Bizerte
Kia RIO Essence 2022,63 000 ,Tunis
Opel Corsa Essence 1999,11 000 ,Nabeul
Volkswagen T-ROCK Essence 2019,95 ,Ben arous
Kuv100 /k8 toute neuve,0 ,Sousse
Kia SPORTAGE Hybride 2022,0 ,Manouba
Ssangyong Tivoli Essence 2021,65 ,Manouba
Chery QQ Essence 2018,21 000 ,Sousse
Dacia SANDERO Essence 2014,36 ,Nabeul
Peugeot 208 Essence 2016,28 000 ,Ariana
Mercedes Classe C Essence 2016,90 ,Tunis
Volkswagen Polo Essence 2001,16 000 ,Ben arous
Volkswagen Polo Essence 1998,13 200 ,Manouba
Renault Clio Essence 2003,11 111 ,Ariana
Chevrolet AVEO Essence 2012,18 000 ,Tunis
Kia RIO Essence 2018,41 000 ,Sfax
Peugeot 108 Essence 2017,30 000 ,Manouba
Ssangyong Actyon Diesel 2017,50 ,Tunis
Peugeot 106 Essence 1994,111 ,Gabes
Peugeot 208 Essence 2019,34 ,Sousse
Suzuki Swift Essence 2018,34 ,Ariana
Hyundai I20 Essence 2016,34 000 ,Tunis
Chery Tiggo 2 Essence 2020,42 500 ,Tunis
Audi A4 Essence 2013,45 000 ,Tunis
Honda CIVIC Essence 2020,80 000 ,Ariana
Fiat PALIO WEEKEND Essence 2008,14 500 ,Ariana
Peugeot 106 Essence 1997,11 900 ,Tunis
Ford AUTRE Essence 2013,20 500 ,Tunis
Seat Ibiza Essence 2023,0 ,Ben arous
Kia RIO Essence 2022,63 500 ,Tunis
Bmw AUTRE Diesel 2009,1 ,Ariana
Renault Clio Essence 2024,62 500 ,Ben arous
Volkswagen Golf Diesel 2012,33 500 ,Sousse
Audi A4 Essence 2012,37 ,Bizerte
Peugeot 207 Essence 2012,26 500 ,Nabeul
Citroen C4 Essence 2012,25 000 ,Nabeul
Ford focus a vendre,30 000 ,Siliana
Mercedes Classe Glk Essence 2009,80 000 ,Sfax
Volkswagen Jetta Essence 2011,34 500 ,Tunis
Peugeot 206 Essence 2012,23 500 ,Ben arous
Peugeot 3008 Essence 2020,105 000 ,Mahdia
Mercedes Classe C Essence 2012,80 000 ,Sfax
Renault Clio Essence 2021,44 000 ,Sfax
Volkswagen Golf 3 Diesel 1995,15 800 ,Ben arous
Citroen AUTRE Essence 2017,1 ,Manouba
Citroen AUTRE Essence 2015,23 500 ,Tunis
Golf 8 neuf,95 ,Gafsa
Peugeot Partner Diesel 2011,17 ,Nabeul
Renault Autres Essence 2017,40 000 ,Zaghouan
Hyundai I10 Essence 2017,39 900 ,Bizerte
Kia RIO Essence 2022,63 000 ,Tunis
Renault Zoe Essence 2010,28 886 696 ,Gabes
Volkswagen T-ROCK Essence 2019,95 ,Ben arous
Kuv100 /k8 toute neuve,0 ,Sousse
Kia SPORTAGE Hybride 2022,0 ,Manouba
Ssangyong Tivoli Essence 2021,65 ,Manouba
Chery QQ Essence 2018,21 000 ,Sousse
Dacia SANDERO Essence 2014,36 ,Nabeul
Peugeot 208 Essence 2016,28 000 ,Ariana
Mercedes Classe C Essence 2016,90 ,Tunis
Volkswagen Polo Essence 2001,16 000 ,Ben arous
Volkswagen Polo Essence 1998,13 200 ,Manouba
Renault Clio Essence 2003,11 111 ,Ariana
Chevrolet AVEO Essence 2012,18 000 ,Tunis
Kia RIO Essence 2018,41 000 ,Sfax
Peugeot 108 Essence 2017,30 000 ,Manouba
Ssangyong Actyon Diesel 2017,50 ,Tunis
Peugeot 106 Essence 1994,111 ,Gabes
Peugeot 208 Essence 2019,34 ,Sousse
Suzuki Swift Essence 2018,34 ,Ariana
Hyundai I20 Essence 2016,34 000 ,Tunis
Chery Tiggo 2 Essence 2020,42 500 ,Tunis
Audi A4 Essence 2013,45 000 ,Tunis
Honda CIVIC Essence 2020,80 000 ,Ariana
Fiat PALIO WEEKEND Essence 2008,14 500 ,Ariana
Peugeot 106 Essence 1997,11 900 ,Tunis
Ford AUTRE Essence 2013,20 500 ,Tunis
Seat Ibiza Essence 2023,0 ,Ben arous
Kia RIO Essence 2022,63 500 ,Tunis
Bmw AUTRE Diesel 2009,1 ,Ariana
Renault Clio Essence 2024,62 500 ,Ben arous
Volkswagen Golf Diesel 2012,33 500 ,Sousse
Audi A4 Essence 2012,37 ,Bizerte
Peugeot 207 Essence 2012,26 500 ,Nabeul
Citroen C4 Essence 2012,25 000 ,Nabeul
Ford focus a vendre,30 000 ,Siliana
Mercedes Classe Glk Essence 2009,80 000 ,Sfax
Volkswagen Jetta Essence 2011,34 500 ,Tunis
Peugeot 206 Essence 2012,23 500 ,Ben arous
Peugeot 3008 Essence 2020,105 000 ,Mahdia
Mercedes Classe C Essence 2012,80 000 ,Sfax
Renault Clio Essence 2021,44 000 ,Sfax
Volkswagen Golf 3 Diesel 1995,15 800 ,Ben arous
Citroen AUTRE Essence 2017,1 ,Manouba
Citroen AUTRE Essence 2015,23 500 ,Tunis
Golf 8 neuf,95 ,Gafsa
Peugeot Partner Diesel 2011,17 ,Nabeul
Renault Autres Essence 2017,40 000 ,Zaghouan
Hyundai I10 Essence 2017,39 900 ,Bizerte
Kia RIO Essence 2022,63 000 ,Tunis
Renault Zoe Essence 2010,28 886 696 ,Gabes
Renault Kadjar Essence 2019,55 000 ,Tunis
Kuv100 /k8 toute neuve,0 ,Sousse
Kia SPORTAGE Hybride 2022,0 ,Manouba
Ssangyong Tivoli Essence 2021,65 ,Manouba
Chery QQ Essence 2018,21 000 ,Sousse
Dacia SANDERO Essence 2014,36 ,Nabeul
Peugeot 208 Essence 2016,28 000 ,Ariana
Mercedes Classe C Essence 2016,90 ,Tunis
Volkswagen Polo Essence 2001,16 000 ,Ben arous
Volkswagen Polo Essence 1998,13 200 ,Manouba
Renault Clio Essence 2003,11 111 ,Ariana
Chevrolet AVEO Essence 2012,18 000 ,Tunis
Kia RIO Essence 2018,41 000 ,Sfax
Peugeot 108 Essence 2017,30 000 ,Manouba
Ssangyong Actyon Diesel 2017,50 ,Tunis
Peugeot 106 Essence 1994,111 ,Gabes
Peugeot 208 Essence 2019,34 ,Sousse
Suzuki Swift Essence 2018,34 ,Ariana
Hyundai I20 Essence 2016,34 000 ,Tunis
Chery Tiggo 2 Essence 2020,42 500 ,Tunis
Audi A4 Essence 2013,45 000 ,Tunis
Honda CIVIC Essence 2020,80 000 ,Ariana
Fiat PALIO WEEKEND Essence 2008,14 500 ,Ariana
Peugeot 106 Essence 1997,11 900 ,Tunis
Ford AUTRE Essence 2013,20 500 ,Tunis
Seat Ibiza Essence 2023,0 ,Ben arous
Kia RIO Essence 2022,63 500 ,Tunis
Bmw AUTRE Diesel 2009,1 ,Ariana
Renault Clio Essence 2024,62 500 ,Ben arous
Volkswagen Golf Diesel 2012,33 500 ,Sousse
Audi A4 Essence 2012,37 ,Bizerte
Peugeot 207 Essence 2012,26 500 ,Nabeul
Citroen C4 Essence 2012,25 000 ,Nabeul
Ford focus a vendre,30 000 ,Siliana
Mercedes Classe Glk Essence 2009,80 000 ,Sfax
Volkswagen Jetta Essence 2011,34 500 ,Tunis
Peugeot 206 Essence 2012,23 500 ,Ben arous
Peugeot 3008 Essence 2020,105 000 ,Mahdia
Mercedes Classe C Essence 2012,80 000 ,Sfax
Renault Clio Essence 2021,44 000 ,Sfax
Volkswagen Golf 3 Diesel 1995,15 800 ,Ben arous
Citroen AUTRE Essence 2017,1 ,Manouba
Citroen AUTRE Essence 2015,23 500 ,Tunis
Golf 8 neuf,95 ,Gafsa
Peugeot Partner Diesel 2011,17 ,Nabeul
Renault Autres Essence 2017,40 000 ,Zaghouan
Hyundai I10 Essence 2017,39 900 ,Bizerte
Kia RIO Essence 2022,63 000 ,Tunis
Renault Zoe Essence 2010,28 886 696 ,Gabes
Renault Kadjar Essence 2019,55 000 ,Tunis
Volkswagen Caddy Diesel 2017,42 ,Nabeul
Kia SPORTAGE Hybride 2022,0 ,Manouba
Ssangyong Tivoli Essence 2021,65 ,Manouba
Chery QQ Essence 2018,21 000 ,Sousse
Dacia SANDERO Essence 2014,36 ,Nabeul
Peugeot 208 Essence 2016,28 000 ,Ariana
Mercedes Classe C Essence 2016,90 ,Tunis
Volkswagen Polo Essence 2001,16 000 ,Ben arous
Volkswagen Polo Essence 1998,13 200 ,Manouba
Renault Clio Essence 2003,11 111 ,Ariana
Chevrolet AVEO Essence 2012,18 000 ,Tunis
Kia RIO Essence 2018,41 000 ,Sfax
Peugeot 108 Essence 2017,30 000 ,Manouba
Ssangyong Actyon Diesel 2017,50 ,Tunis
Peugeot 106 Essence 1994,111 ,Gabes
Peugeot 208 Essence 2019,34 ,Sousse
Suzuki Swift Essence 2018,34 ,Ariana
Hyundai I20 Essence 2016,34 000 ,Tunis
Chery Tiggo 2 Essence 2020,42 500 ,Tunis
Audi A4 Essence 2013,45 000 ,Tunis
Honda CIVIC Essence 2020,80 000 ,Ariana
Fiat PALIO WEEKEND Essence 2008,14 500 ,Ariana
Peugeot 106 Essence 1997,11 900 ,Tunis
Ford AUTRE Essence 2013,20 500 ,Tunis
Seat Ibiza Essence 2023,0 ,Ben arous
Kia RIO Essence 2022,63 500 ,Tunis
Bmw AUTRE Diesel 2009,1 ,Ariana
Renault Clio Essence 2024,62 500 ,Ben arous
Volkswagen Golf Diesel 2012,33 500 ,Sousse
Audi A4 Essence 2012,37 ,Bizerte
Peugeot 207 Essence 2012,26 500 ,Nabeul
Citroen C4 Essence 2012,25 000 ,Nabeul
Ford focus a vendre,30 000 ,Siliana
Mercedes Classe Glk Essence 2009,80 000 ,Sfax
Volkswagen Jetta Essence 2011,34 500 ,Tunis
Peugeot 206 Essence 2012,23 500 ,Ben arous
Peugeot 3008 Essence 2020,105 000 ,Mahdia
Mercedes Classe C Essence 2012,80 000 ,Sfax
Renault Clio Essence 2021,44 000 ,Sfax
Volkswagen Golf 3 Diesel 1995,15 800 ,Ben arous
Citroen AUTRE Essence 2017,1 ,Manouba
Citroen AUTRE Essence 2015,23 500 ,Tunis
Golf 8 neuf,95 ,Gafsa
Peugeot Partner Diesel 2011,17 ,Nabeul
Renault Autres Essence 2017,40 000 ,Zaghouan
Hyundai I10 Essence 2017,39 900 ,Bizerte
Kia RIO Essence 2022,63 000 ,Tunis
Renault Zoe Essence 2010,28 886 696 ,Gabes
Renault Kadjar Essence 2019,55 000 ,Tunis
Volkswagen Caddy Diesel 2017,42 ,Nabeul
Mercedes Classe E Essence 2017,185 000 ,Tunis
Ssangyong Tivoli Essence 2021,65 ,Manouba
Chery QQ Essence 2018,21 000 ,Sousse
Dacia SANDERO Essence 2014,36 ,Nabeul
Peugeot 208 Essence 2016,28 000 ,Ariana
Mercedes Classe C Essence 2016,90 ,Tunis
Volkswagen Polo Essence 2001,16 000 ,Ben arous
Volkswagen Polo Essence 1998,13 200 ,Manouba
Renault Clio Essence 2003,11 111 ,Ariana
Chevrolet AVEO Essence 2012,18 000 ,Tunis
Kia RIO Essence 2018,41 000 ,Sfax
Peugeot 108 Essence 2017,30 000 ,Manouba
Ssangyong Actyon Diesel 2017,50 ,Tunis
Peugeot 106 Essence 1994,111 ,Gabes
Peugeot 208 Essence 2019,34 ,Sousse
Suzuki Swift Essence 2018,34 ,Ariana
Hyundai I20 Essence 2016,34 000 ,Tunis
Chery Tiggo 2 Essence 2020,42 500 ,Tunis
Audi A4 Essence 2013,45 000 ,Tunis
Honda CIVIC Essence 2020,80 000 ,Ariana
Fiat PALIO WEEKEND Essence 2008,14 500 ,Ariana
Peugeot 106 Essence 1997,11 900 ,Tunis
Ford AUTRE Essence 2013,20 500 ,Tunis
Seat Ibiza Essence 2023,0 ,Ben arous
Kia RIO Essence 2022,63 500 ,Tunis
Bmw AUTRE Diesel 2009,1 ,Ariana
Renault Clio Essence 2024,62 500 ,Ben arous
Volkswagen Golf Diesel 2012,33 500 ,Sousse
Audi A4 Essence 2012,37 ,Bizerte
Peugeot 207 Essence 2012,26 500 ,Nabeul
Citroen C4 Essence 2012,25 000 ,Nabeul
Ford focus a vendre,30 000 ,Siliana
Mercedes Classe Glk Essence 2009,80 000 ,Sfax
Volkswagen Jetta Essence 2011,34 500 ,Tunis
Peugeot 206 Essence 2012,23 500 ,Ben arous
Peugeot 3008 Essence 2020,105 000 ,Mahdia
Mercedes Classe C Essence 2012,80 000 ,Sfax
Renault Clio Essence 2021,44 000 ,Sfax
Volkswagen Golf 3 Diesel 1995,15 800 ,Ben arous
Citroen AUTRE Essence 2017,1 ,Manouba
Citroen AUTRE Essence 2015,23 500 ,Tunis
Golf 8 neuf,95 ,Gafsa
Peugeot Partner Diesel 2011,17 ,Nabeul
Renault Autres Essence 2017,40 000 ,Zaghouan
Hyundai I10 Essence 2017,39 900 ,Bizerte
Kia RIO Essence 2022,63 000 ,Tunis
Renault Zoe Essence 2010,28 886 696 ,Gabes
Renault Kadjar Essence 2019,55 000 ,Tunis
Volkswagen Caddy Diesel 2017,42 ,Nabeul
Mercedes Classe E Essence 2017,185 000 ,Tunis
Hyundai TUCSON Diesel 2022,135 000 ,Tunis
