Price (TND),Location,Title,Fuel Type,Year
0 ,Bizerte,CHEVROLET SONIC PREMIÈRE MAIN EN ÉTAT NEUF,,
33 800 ,Nabeul,Nissan Micra   1ère main,Essence,2020
45 500 ,Beja,Great-wall MK-GT,Essence,2021
32 000 ,Ben arous,Peugeot 308,Essence,2015
61 ,Ben arous,Mazda MAZDA6,Essence,2018
95 000 ,Tunis,Audi Q3,Essence,2019
38 500 ,Bizerte,Volkswagen Golf 6,Diesel,2010
22 000 ,Sousse,Peugeot 405,Diesel,1971
95 000 ,Tunis,Peugeot 508,Diesel,2019
41 500 ,Bizerte,CLIO 4 PREMIÈRE MAIN EN TRÈS BON ÉTAT,,
25 000 ,Sfax,Mahindra KUV 100,Essence,2018
26 800 ,Ariana,Mahindra KUV 100,Essence,2018
65 000 ,Ariana,Volkswagen Golf,Essence,2019
41 000 ,Manouba,Skoda Octavia,Essence,2015
33 ,Nabeul,Hyundai I10,Essence,2020
37 000 ,Tunis,Kia RIO,Essence,2015
11 000 ,Nabeul,Opel Corsa,Essence,1999
95 ,Ben arous,Volkswagen T-ROCK,Essence,2019
0 ,Sousse,Kuv100 /k8 toute neuve,,
0 ,Manouba,Kia SPORTAGE,Hybride,2022
65 ,Manouba,Ssangyong Tivoli,Essence,2021
21 000 ,Sousse,Chery QQ,Essence,2018
36 ,Nabeul,Dacia SANDERO,Essence,2014
28 000 ,Ariana,Peugeot 208,Essence,2016
90 ,Tunis,Mercedes Classe C,Essence,2016
16 000 ,Ben arous,Volkswagen Polo,Essence,2001
13 200 ,Manouba,Volkswagen Polo,Essence,1998
11 111 ,Ariana,Renault Clio,Essence,2003
18 000 ,Tunis,Chevrolet AVEO,Essence,2012
41 000 ,Sfax,Kia RIO,Essence,2018
30 000 ,Manouba,Peugeot 108,Essence,2017
50 ,Tunis,Ssangyong Actyon,Diesel,2017
111 ,Gabes,Peugeot 106,Essence,1994
34 ,Sousse,Peugeot 208,Essence,2019
34 ,Ariana,Suzuki Swift,Essence,2018
34 000 ,Tunis,Hyundai I20,Essence,2016
42 500 ,Tunis,Chery Tiggo 2,Essence,2020
45 000 ,Tunis,Audi A4,Essence,2013
80 000 ,Ariana,Honda CIVIC,Essence,2020
14 500 ,Ariana,Fiat PALIO WEEKEND,Essence,2008
11 900 ,Tunis,Peugeot 106,Essence,1997
20 500 ,Tunis,Ford AUTRE,Essence,2013
0 ,Ben arous,Seat Ibiza,Essence,2023
63 500 ,Tunis,Kia RIO,Essence,2022
1 ,Ariana,Bmw AUTRE,Diesel,2009
62 500 ,Ben arous,Renault Clio,Essence,2024
33 500 ,Sousse,Volkswagen Golf,Diesel,2012
37 ,Bizerte,Audi A4,Essence,2012
26 500 ,Nabeul,Peugeot 207,Essence,2012
25 000 ,Nabeul,Citroen C4,Essence,2012
45 500 ,Beja,Great-wall MK-GT,Essence,2021
32 000 ,Ben arous,Peugeot 308,Essence,2015
61 ,Ben arous,Mazda MAZDA6,Essence,2018
95 000 ,Tunis,Audi Q3,Essence,2019
38 500 ,Bizerte,Volkswagen Golf 6,Diesel,2010
22 000 ,Sousse,Peugeot 405,Diesel,1971
95 000 ,Tunis,Peugeot 508,Diesel,2019
41 500 ,Bizerte,CLIO 4 PREMIÈRE MAIN EN TRÈS BON ÉTAT,,
25 000 ,Sfax,Mahindra KUV 100,Essence,2018
26 800 ,Ariana,Mahindra KUV 100,Essence,2018
65 000 ,Ariana,Volkswagen Golf,Essence,2019
41 000 ,Manouba,Skoda Octavia,Essence,2015
33 ,Nabeul,Hyundai I10,Essence,2020
37 000 ,Tunis,Kia RIO,Essence,2015
11 000 ,Nabeul,Opel Corsa,Essence,1999
95 ,Ben arous,Volkswagen T-ROCK,Essence,2019
0 ,Sousse,Kuv100 /k8 toute neuve,,
0 ,Manouba,Kia SPORTAGE,Hybride,2022
65 ,Manouba,Ssangyong Tivoli,Essence,2021
21 000 ,Sousse,Chery QQ,Essence,2018
36 ,Nabeul,Dacia SANDERO,Essence,2014
28 000 ,Ariana,Peugeot 208,Essence,2016
90 ,Tunis,Mercedes Classe C,Essence,2016
16 000 ,Ben arous,Volkswagen Polo,Essence,2001
13 200 ,Manouba,Volkswagen Polo,Essence,1998
11 111 ,Ariana,Renault Clio,Essence,2003
18 000 ,Tunis,Chevrolet AVEO,Essence,2012
41 000 ,Sfax,Kia RIO,Essence,2018
30 000 ,Manouba,Peugeot 108,Essence,2017
50 ,Tunis,Ssangyong Actyon,Diesel,2017
111 ,Gabes,Peugeot 106,Essence,1994
34 ,Sousse,Peugeot 208,Essence,2019
34 ,Ariana,Suzuki Swift,Essence,2018
34 000 ,Tunis,Hyundai I20,Essence,2016
42 500 ,Tunis,Chery Tiggo 2,Essence,2020
45 000 ,Tunis,Audi A4,Essence,2013
80 000 ,Ariana,Honda CIVIC,Essence,2020
14 500 ,Ariana,Fiat PALIO WEEKEND,Essence,2008
11 900 ,Tunis,Peugeot 106,Essence,1997
20 500 ,Tunis,Ford AUTRE,Essence,2013
0 ,Ben arous,Seat Ibiza,Essence,2023
63 500 ,Tunis,Kia RIO,Essence,2022
1 ,Ariana,Bmw AUTRE,Diesel,2009
62 500 ,Ben arous,Renault Clio,Essence,2024
33 500 ,Sousse,Volkswagen Golf,Diesel,2012
37 ,Bizerte,Audi A4,Essence,2012
26 500 ,Nabeul,Peugeot 207,Essence,2012
25 000 ,Nabeul,Citroen C4,Essence,2012
30 000 ,Siliana,Ford focus a vendre,,
80 000 ,Sfax,Mercedes Classe Glk,Essence,2009
32 000 ,Ben arous,Peugeot 308,Essence,2015
61 ,Ben arous,Mazda MAZDA6,Essence,2018
95 000 ,Tunis,Audi Q3,Essence,2019
38 500 ,Bizerte,Volkswagen Golf 6,Diesel,2010
22 000 ,Sousse,Peugeot 405,Diesel,1971
95 000 ,Tunis,Peugeot 508,Diesel,2019
41 500 ,Bizerte,CLIO 4 PREMIÈRE MAIN EN TRÈS BON ÉTAT,,
25 000 ,Sfax,Mahindra KUV 100,Essence,2018
26 800 ,Ariana,Mahindra KUV 100,Essence,2018
65 000 ,Ariana,Volkswagen Golf,Essence,2019
41 000 ,Manouba,Skoda Octavia,Essence,2015
33 ,Nabeul,Hyundai I10,Essence,2020
37 000 ,Tunis,Kia RIO,Essence,2015
11 000 ,Nabeul,Opel Corsa,Essence,1999
95 ,Ben arous,Volkswagen T-ROCK,Essence,2019
0 ,Sousse,Kuv100 /k8 toute neuve,,
0 ,Manouba,Kia SPORTAGE,Hybride,2022
65 ,Manouba,Ssangyong Tivoli,Essence,2021
21 000 ,Sousse,Chery QQ,Essence,2018
36 ,Nabeul,Dacia SANDERO,Essence,2014
28 000 ,Ariana,Peugeot 208,Essence,2016
90 ,Tunis,Mercedes Classe C,Essence,2016
16 000 ,Ben arous,Volkswagen Polo,Essence,2001
13 200 ,Manouba,Volkswagen Polo,Essence,1998
11 111 ,Ariana,Renault Clio,Essence,2003
18 000 ,Tunis,Chevrolet AVEO,Essence,2012
41 000 ,Sfax,Kia RIO,Essence,2018
30 000 ,Manouba,Peugeot 108,Essence,2017
50 ,Tunis,Ssangyong Actyon,Diesel,2017
111 ,Gabes,Peugeot 106,Essence,1994
34 ,Sousse,Peugeot 208,Essence,2019
34 ,Ariana,Suzuki Swift,Essence,2018
34 000 ,Tunis,Hyundai I20,Essence,2016
42 500 ,Tunis,Chery Tiggo 2,Essence,2020
45 000 ,Tunis,Audi A4,Essence,2013
80 000 ,Ariana,Honda CIVIC,Essence,2020
14 500 ,Ariana,Fiat PALIO WEEKEND,Essence,2008
11 900 ,Tunis,Peugeot 106,Essence,1997
20 500 ,Tunis,Ford AUTRE,Essence,2013
0 ,Ben arous,Seat Ibiza,Essence,2023
63 500 ,Tunis,Kia RIO,Essence,2022
1 ,Ariana,Bmw AUTRE,Diesel,2009
62 500 ,Ben arous,Renault Clio,Essence,2024
33 500 ,Sousse,Volkswagen Golf,Diesel,2012
37 ,Bizerte,Audi A4,Essence,2012
26 500 ,Nabeul,Peugeot 207,Essence,2012
25 000 ,Nabeul,Citroen C4,Essence,2012
30 000 ,Siliana,Ford focus a vendre,,
80 000 ,Sfax,Mercedes Classe Glk,Essence,2009
34 500 ,Tunis,Volkswagen Jetta,Essence,2011
61 ,Ben arous,Mazda MAZDA6,Essence,2018
95 000 ,Tunis,Audi Q3,Essence,2019
38 500 ,Bizerte,Volkswagen Golf 6,Diesel,2010
22 000 ,Sousse,Peugeot 405,Diesel,1971
95 000 ,Tunis,Peugeot 508,Diesel,2019
41 500 ,Bizerte,CLIO 4 PREMIÈRE MAIN EN TRÈS BON ÉTAT,,
25 000 ,Sfax,Mahindra KUV 100,Essence,2018
26 800 ,Ariana,Mahindra KUV 100,Essence,2018
65 000 ,Ariana,Volkswagen Golf,Essence,2019
41 000 ,Manouba,Skoda Octavia,Essence,2015
33 ,Nabeul,Hyundai I10,Essence,2020
37 000 ,Tunis,Kia RIO,Essence,2015
11 000 ,Nabeul,Opel Corsa,Essence,1999
95 ,Ben arous,Volkswagen T-ROCK,Essence,2019
0 ,Sousse,Kuv100 /k8 toute neuve,,
0 ,Manouba,Kia SPORTAGE,Hybride,2022
65 ,Manouba,Ssangyong Tivoli,Essence,2021
21 000 ,Sousse,Chery QQ,Essence,2018
36 ,Nabeul,Dacia SANDERO,Essence,2014
28 000 ,Ariana,Peugeot 208,Essence,2016
90 ,Tunis,Mercedes Classe C,Essence,2016
16 000 ,Ben arous,Volkswagen Polo,Essence,2001
13 200 ,Manouba,Volkswagen Polo,Essence,1998
11 111 ,Ariana,Renault Clio,Essence,2003
18 000 ,Tunis,Chevrolet AVEO,Essence,2012
41 000 ,Sfax,Kia RIO,Essence,2018
30 000 ,Manouba,Peugeot 108,Essence,2017
50 ,Tunis,Ssangyong Actyon,Diesel,2017
111 ,Gabes,Peugeot 106,Essence,1994
34 ,Sousse,Peugeot 208,Essence,2019
34 ,Ariana,Suzuki Swift,Essence,2018
34 000 ,Tunis,Hyundai I20,Essence,2016
42 500 ,Tunis,Chery Tiggo 2,Essence,2020
45 000 ,Tunis,Audi A4,Essence,2013
80 000 ,Ariana,Honda CIVIC,Essence,2020
14 500 ,Ariana,Fiat PALIO WEEKEND,Essence,2008
11 900 ,Tunis,Peugeot 106,Essence,1997
20 500 ,Tunis,Ford AUTRE,Essence,2013
0 ,Ben arous,Seat Ibiza,Essence,2023
63 500 ,Tunis,Kia RIO,Essence,2022
1 ,Ariana,Bmw AUTRE,Diesel,2009
62 500 ,Ben arous,Renault Clio,Essence,2024
33 500 ,Sousse,Volkswagen Golf,Diesel,2012
37 ,Bizerte,Audi A4,Essence,2012
26 500 ,Nabeul,Peugeot 207,Essence,2012
25 000 ,Nabeul,Citroen C4,Essence,2012
30 000 ,Siliana,Ford focus a vendre,,
80 000 ,Sfax,Mercedes Classe Glk,Essence,2009
34 500 ,Tunis,Volkswagen Jetta,Essence,2011
23 500 ,Ben arous,Peugeot 206,Essence,2012
95 000 ,Tunis,Audi Q3,Essence,2019
38 500 ,Bizerte,Volkswagen Golf 6,Diesel,2010
22 000 ,Sousse,Peugeot 405,Diesel,1971
95 000 ,Tunis,Peugeot 508,Diesel,2019
41 500 ,Bizerte,CLIO 4 PREMIÈRE MAIN EN TRÈS BON ÉTAT,,
25 000 ,Sfax,Mahindra KUV 100,Essence,2018
26 800 ,Ariana,Mahindra KUV 100,Essence,2018
65 000 ,Ariana,Volkswagen Golf,Essence,2019
41 000 ,Manouba,Skoda Octavia,Essence,2015
33 ,Nabeul,Hyundai I10,Essence,2020
37 000 ,Tunis,Kia RIO,Essence,2015
11 000 ,Nabeul,Opel Corsa,Essence,1999
95 ,Ben arous,Volkswagen T-ROCK,Essence,2019
0 ,Sousse,Kuv100 /k8 toute neuve,,
0 ,Manouba,Kia SPORTAGE,Hybride,2022
65 ,Manouba,Ssangyong Tivoli,Essence,2021
21 000 ,Sousse,Chery QQ,Essence,2018
36 ,Nabeul,Dacia SANDERO,Essence,2014
28 000 ,Ariana,Peugeot 208,Essence,2016
90 ,Tunis,Mercedes Classe C,Essence,2016
16 000 ,Ben arous,Volkswagen Polo,Essence,2001
13 200 ,Manouba,Volkswagen Polo,Essence,1998
11 111 ,Ariana,Renault Clio,Essence,2003
18 000 ,Tunis,Chevrolet AVEO,Essence,2012
41 000 ,Sfax,Kia RIO,Essence,2018
30 000 ,Manouba,Peugeot 108,Essence,2017
50 ,Tunis,Ssangyong Actyon,Diesel,2017
111 ,Gabes,Peugeot 106,Essence,1994
34 ,Sousse,Peugeot 208,Essence,2019
34 ,Ariana,Suzuki Swift,Essence,2018
34 000 ,Tunis,Hyundai I20,Essence,2016
42 500 ,Tunis,Chery Tiggo 2,Essence,2020
45 000 ,Tunis,Audi A4,Essence,2013
80 000 ,Ariana,Honda CIVIC,Essence,2020
14 500 ,Ariana,Fiat PALIO WEEKEND,Essence,2008
11 900 ,Tunis,Peugeot 106,Essence,1997
20 500 ,Tunis,Ford AUTRE,Essence,2013
0 ,Ben arous,Seat Ibiza,Essence,2023
63 500 ,Tunis,Kia RIO,Essence,2022
1 ,Ariana,Bmw AUTRE,Diesel,2009
62 500 ,Ben arous,Renault Clio,Essence,2024
33 500 ,Sousse,Volkswagen Golf,Diesel,2012
37 ,Bizerte,Audi A4,Essence,2012
26 500 ,Nabeul,Peugeot 207,Essence,2012
25 000 ,Nabeul,Citroen C4,Essence,2012
30 000 ,Siliana,Ford focus a vendre,,
80 000 ,Sfax,Mercedes Classe Glk,Essence,2009
34 500 ,Tunis,Volkswagen Jetta,Essence,2011
23 500 ,Ben arous,Peugeot 206,Essence,2012
105 000 ,Mahdia,Peugeot 3008,Essence,2020
38 500 ,Bizerte,Volkswagen Golf 6,Diesel,2010
22 000 ,Sousse,Peugeot 405,Diesel,1971
95 000 ,Tunis,Peugeot 508,Diesel,2019
41 500 ,Bizerte,CLIO 4 PREMIÈRE MAIN EN TRÈS BON ÉTAT,,
25 000 ,Sfax,Mahindra KUV 100,Essence,2018
26 800 ,Ariana,Mahindra KUV 100,Essence,2018
65 000 ,Ariana,Volkswagen Golf,Essence,2019
41 000 ,Manouba,Skoda Octavia,Essence,2015
33 ,Nabeul,Hyundai I10,Essence,2020
37 000 ,Tunis,Kia RIO,Essence,2015
11 000 ,Nabeul,Opel Corsa,Essence,1999
95 ,Ben arous,Volkswagen T-ROCK,Essence,2019
0 ,Sousse,Kuv100 /k8 toute neuve,,
0 ,Manouba,Kia SPORTAGE,Hybride,2022
65 ,Manouba,Ssangyong Tivoli,Essence,2021
21 000 ,Sousse,Chery QQ,Essence,2018
36 ,Nabeul,Dacia SANDERO,Essence,2014
28 000 ,Ariana,Peugeot 208,Essence,2016
90 ,Tunis,Mercedes Classe C,Essence,2016
16 000 ,Ben arous,Volkswagen Polo,Essence,2001
13 200 ,Manouba,Volkswagen Polo,Essence,1998
11 111 ,Ariana,Renault Clio,Essence,2003
18 000 ,Tunis,Chevrolet AVEO,Essence,2012
41 000 ,Sfax,Kia RIO,Essence,2018
30 000 ,Manouba,Peugeot 108,Essence,2017
50 ,Tunis,Ssangyong Actyon,Diesel,2017
111 ,Gabes,Peugeot 106,Essence,1994
34 ,Sousse,Peugeot 208,Essence,2019
34 ,Ariana,Suzuki Swift,Essence,2018
34 000 ,Tunis,Hyundai I20,Essence,2016
42 500 ,Tunis,Chery Tiggo 2,Essence,2020
45 000 ,Tunis,Audi A4,Essence,2013
80 000 ,Ariana,Honda CIVIC,Essence,2020
14 500 ,Ariana,Fiat PALIO WEEKEND,Essence,2008
11 900 ,Tunis,Peugeot 106,Essence,1997
20 500 ,Tunis,Ford AUTRE,Essence,2013
0 ,Ben arous,Seat Ibiza,Essence,2023
63 500 ,Tunis,Kia RIO,Essence,2022
1 ,Ariana,Bmw AUTRE,Diesel,2009
62 500 ,Ben arous,Renault Clio,Essence,2024
33 500 ,Sousse,Volkswagen Golf,Diesel,2012
37 ,Bizerte,Audi A4,Essence,2012
26 500 ,Nabeul,Peugeot 207,Essence,2012
25 000 ,Nabeul,Citroen C4,Essence,2012
30 000 ,Siliana,Ford focus a vendre,,
80 000 ,Sfax,Mercedes Classe Glk,Essence,2009
34 500 ,Tunis,Volkswagen Jetta,Essence,2011
23 500 ,Ben arous,Peugeot 206,Essence,2012
105 000 ,Mahdia,Peugeot 3008,Essence,2020
80 000 ,Sfax,Mercedes Classe C,Essence,2012
22 000 ,Sousse,Peugeot 405,Diesel,1971
95 000 ,Tunis,Peugeot 508,Diesel,2019
41 500 ,Bizerte,CLIO 4 PREMIÈRE MAIN EN TRÈS BON ÉTAT,,
25 000 ,Sfax,Mahindra KUV 100,Essence,2018
26 800 ,Ariana,Mahindra KUV 100,Essence,2018
65 000 ,Ariana,Volkswagen Golf,Essence,2019
41 000 ,Manouba,Skoda Octavia,Essence,2015
33 ,Nabeul,Hyundai I10,Essence,2020
37 000 ,Tunis,Kia RIO,Essence,2015
11 000 ,Nabeul,Opel Corsa,Essence,1999
95 ,Ben arous,Volkswagen T-ROCK,Essence,2019
0 ,Sousse,Kuv100 /k8 toute neuve,,
0 ,Manouba,Kia SPORTAGE,Hybride,2022
65 ,Manouba,Ssangyong Tivoli,Essence,2021
21 000 ,Sousse,Chery QQ,Essence,2018
36 ,Nabeul,Dacia SANDERO,Essence,2014
28 000 ,Ariana,Peugeot 208,Essence,2016
90 ,Tunis,Mercedes Classe C,Essence,2016
16 000 ,Ben arous,Volkswagen Polo,Essence,2001
13 200 ,Manouba,Volkswagen Polo,Essence,1998
11 111 ,Ariana,Renault Clio,Essence,2003
18 000 ,Tunis,Chevrolet AVEO,Essence,2012
41 000 ,Sfax,Kia RIO,Essence,2018
30 000 ,Manouba,Peugeot 108,Essence,2017
50 ,Tunis,Ssangyong Actyon,Diesel,2017
111 ,Gabes,Peugeot 106,Essence,1994
34 ,Sousse,Peugeot 208,Essence,2019
34 ,Ariana,Suzuki Swift,Essence,2018
34 000 ,Tunis,Hyundai I20,Essence,2016
42 500 ,Tunis,Chery Tiggo 2,Essence,2020
45 000 ,Tunis,Audi A4,Essence,2013
80 000 ,Ariana,Honda CIVIC,Essence,2020
14 500 ,Ariana,Fiat PALIO WEEKEND,Essence,2008
11 900 ,Tunis,Peugeot 106,Essence,1997
20 500 ,Tunis,Ford AUTRE,Essence,2013
0 ,Ben arous,Seat Ibiza,Essence,2023
63 500 ,Tunis,Kia RIO,Essence,2022
1 ,Ariana,Bmw AUTRE,Diesel,2009
62 500 ,Ben arous,Renault Clio,Essence,2024
33 500 ,Sousse,Volkswagen Golf,Diesel,2012
37 ,Bizerte,Audi A4,Essence,2012
26 500 ,Nabeul,Peugeot 207,Essence,2012
25 000 ,Nabeul,Citroen C4,Essence,2012
30 000 ,Siliana,Ford focus a vendre,,
80 000 ,Sfax,Mercedes Classe Glk,Essence,2009
34 500 ,Tunis,Volkswagen Jetta,Essence,2011
23 500 ,Ben arous,Peugeot 206,Essence,2012
105 000 ,Mahdia,Peugeot 3008,Essence,2020
80 000 ,Sfax,Mercedes Classe C,Essence,2012
44 000 ,Sfax,Renault Clio,Essence,2021
95 000 ,Tunis,Peugeot 508,Diesel,2019
41 500 ,Bizerte,CLIO 4 PREMIÈRE MAIN EN TRÈS BON ÉTAT,,
25 000 ,Sfax,Mahindra KUV 100,Essence,2018
26 800 ,Ariana,Mahindra KUV 100,Essence,2018
65 000 ,Ariana,Volkswagen Golf,Essence,2019
41 000 ,Manouba,Skoda Octavia,Essence,2015
33 ,Nabeul,Hyundai I10,Essence,2020
37 000 ,Tunis,Kia RIO,Essence,2015
11 000 ,Nabeul,Opel Corsa,Essence,1999
95 ,Ben arous,Volkswagen T-ROCK,Essence,2019
0 ,Sousse,Kuv100 /k8 toute neuve,,
0 ,Manouba,Kia SPORTAGE,Hybride,2022
65 ,Manouba,Ssangyong Tivoli,Essence,2021
21 000 ,Sousse,Chery QQ,Essence,2018
36 ,Nabeul,Dacia SANDERO,Essence,2014
28 000 ,Ariana,Peugeot 208,Essence,2016
90 ,Tunis,Mercedes Classe C,Essence,2016
16 000 ,Ben arous,Volkswagen Polo,Essence,2001
13 200 ,Manouba,Volkswagen Polo,Essence,1998
11 111 ,Ariana,Renault Clio,Essence,2003
18 000 ,Tunis,Chevrolet AVEO,Essence,2012
41 000 ,Sfax,Kia RIO,Essence,2018
30 000 ,Manouba,Peugeot 108,Essence,2017
50 ,Tunis,Ssangyong Actyon,Diesel,2017
111 ,Gabes,Peugeot 106,Essence,1994
34 ,Sousse,Peugeot 208,Essence,2019
34 ,Ariana,Suzuki Swift,Essence,2018
34 000 ,Tunis,Hyundai I20,Essence,2016
42 500 ,Tunis,Chery Tiggo 2,Essence,2020
45 000 ,Tunis,Audi A4,Essence,2013
80 000 ,Ariana,Honda CIVIC,Essence,2020
14 500 ,Ariana,Fiat PALIO WEEKEND,Essence,2008
11 900 ,Tunis,Peugeot 106,Essence,1997
20 500 ,Tunis,Ford AUTRE,Essence,2013
0 ,Ben arous,Seat Ibiza,Essence,2023
63 500 ,Tunis,Kia RIO,Essence,2022
1 ,Ariana,Bmw AUTRE,Diesel,2009
62 500 ,Ben arous,Renault Clio,Essence,2024
33 500 ,Sousse,Volkswagen Golf,Diesel,2012
37 ,Bizerte,Audi A4,Essence,2012
26 500 ,Nabeul,Peugeot 207,Essence,2012
25 000 ,Nabeul,Citroen C4,Essence,2012
30 000 ,Siliana,Ford focus a vendre,,
80 000 ,Sfax,Mercedes Classe Glk,Essence,2009
34 500 ,Tunis,Volkswagen Jetta,Essence,2011
23 500 ,Ben arous,Peugeot 206,Essence,2012
105 000 ,Mahdia,Peugeot 3008,Essence,2020
80 000 ,Sfax,Mercedes Classe C,Essence,2012
44 000 ,Sfax,Renault Clio,Essence,2021
15 800 ,Ben arous,Volkswagen Golf 3,Diesel,1995
41 500 ,Bizerte,CLIO 4 PREMIÈRE MAIN EN TRÈS BON ÉTAT,,
25 000 ,Sfax,Mahindra KUV 100,Essence,2018
26 800 ,Ariana,Mahindra KUV 100,Essence,2018
65 000 ,Ariana,Volkswagen Golf,Essence,2019
41 000 ,Manouba,Skoda Octavia,Essence,2015
33 ,Nabeul,Hyundai I10,Essence,2020
37 000 ,Tunis,Kia RIO,Essence,2015
11 000 ,Nabeul,Opel Corsa,Essence,1999
95 ,Ben arous,Volkswagen T-ROCK,Essence,2019
0 ,Sousse,Kuv100 /k8 toute neuve,,
0 ,Manouba,Kia SPORTAGE,Hybride,2022
65 ,Manouba,Ssangyong Tivoli,Essence,2021
21 000 ,Sousse,Chery QQ,Essence,2018
36 ,Nabeul,Dacia SANDERO,Essence,2014
28 000 ,Ariana,Peugeot 208,Essence,2016
90 ,Tunis,Mercedes Classe C,Essence,2016
16 000 ,Ben arous,Volkswagen Polo,Essence,2001
13 200 ,Manouba,Volkswagen Polo,Essence,1998
11 111 ,Ariana,Renault Clio,Essence,2003
18 000 ,Tunis,Chevrolet AVEO,Essence,2012
41 000 ,Sfax,Kia RIO,Essence,2018
30 000 ,Manouba,Peugeot 108,Essence,2017
50 ,Tunis,Ssangyong Actyon,Diesel,2017
111 ,Gabes,Peugeot 106,Essence,1994
34 ,Sousse,Peugeot 208,Essence,2019
34 ,Ariana,Suzuki Swift,Essence,2018
34 000 ,Tunis,Hyundai I20,Essence,2016
42 500 ,Tunis,Chery Tiggo 2,Essence,2020
45 000 ,Tunis,Audi A4,Essence,2013
80 000 ,Ariana,Honda CIVIC,Essence,2020
14 500 ,Ariana,Fiat PALIO WEEKEND,Essence,2008
11 900 ,Tunis,Peugeot 106,Essence,1997
20 500 ,Tunis,Ford AUTRE,Essence,2013
0 ,Ben arous,Seat Ibiza,Essence,2023
63 500 ,Tunis,Kia RIO,Essence,2022
1 ,Ariana,Bmw AUTRE,Diesel,2009
62 500 ,Ben arous,Renault Clio,Essence,2024
33 500 ,Sousse,Volkswagen Golf,Diesel,2012
37 ,Bizerte,Audi A4,Essence,2012
26 500 ,Nabeul,Peugeot 207,Essence,2012
25 000 ,Nabeul,Citroen C4,Essence,2012
30 000 ,Siliana,Ford focus a vendre,,
80 000 ,Sfax,Mercedes Classe Glk,Essence,2009
34 500 ,Tunis,Volkswagen Jetta,Essence,2011
23 500 ,Ben arous,Peugeot 206,Essence,2012
105 000 ,Mahdia,Peugeot 3008,Essence,2020
80 000 ,Sfax,Mercedes Classe C,Essence,2012
44 000 ,Sfax,Renault Clio,Essence,2021
15 800 ,Ben arous,Volkswagen Golf 3,Diesel,1995
1 ,Manouba,Citroen AUTRE,Essence,2017
25 000 ,Sfax,Mahindra KUV 100,Essence,2018
26 800 ,Ariana,Mahindra KUV 100,Essence,2018
65 000 ,Ariana,Volkswagen Golf,Essence,2019
41 000 ,Manouba,Skoda Octavia,Essence,2015
33 ,Nabeul,Hyundai I10,Essence,2020
37 000 ,Tunis,Kia RIO,Essence,2015
11 000 ,Nabeul,Opel Corsa,Essence,1999
95 ,Ben arous,Volkswagen T-ROCK,Essence,2019
0 ,Sousse,Kuv100 /k8 toute neuve,,
0 ,Manouba,Kia SPORTAGE,Hybride,2022
65 ,Manouba,Ssangyong Tivoli,Essence,2021
21 000 ,Sousse,Chery QQ,Essence,2018
36 ,Nabeul,Dacia SANDERO,Essence,2014
28 000 ,Ariana,Peugeot 208,Essence,2016
90 ,Tunis,Mercedes Classe C,Essence,2016
16 000 ,Ben arous,Volkswagen Polo,Essence,2001
13 200 ,Manouba,Volkswagen Polo,Essence,1998
11 111 ,Ariana,Renault Clio,Essence,2003
18 000 ,Tunis,Chevrolet AVEO,Essence,2012
41 000 ,Sfax,Kia RIO,Essence,2018
30 000 ,Manouba,Peugeot 108,Essence,2017
50 ,Tunis,Ssangyong Actyon,Diesel,2017
111 ,Gabes,Peugeot 106,Essence,1994
34 ,Sousse,Peugeot 208,Essence,2019
34 ,Ariana,Suzuki Swift,Essence,2018
34 000 ,Tunis,Hyundai I20,Essence,2016
42 500 ,Tunis,Chery Tiggo 2,Essence,2020
45 000 ,Tunis,Audi A4,Essence,2013
80 000 ,Ariana,Honda CIVIC,Essence,2020
14 500 ,Ariana,Fiat PALIO WEEKEND,Essence,2008
11 900 ,Tunis,Peugeot 106,Essence,1997
20 500 ,Tunis,Ford AUTRE,Essence,2013
0 ,Ben arous,Seat Ibiza,Essence,2023
63 500 ,Tunis,Kia RIO,Essence,2022
1 ,Ariana,Bmw AUTRE,Diesel,2009
62 500 ,Ben arous,Renault Clio,Essence,2024
33 500 ,Sousse,Volkswagen Golf,Diesel,2012
37 ,Bizerte,Audi A4,Essence,2012
26 500 ,Nabeul,Peugeot 207,Essence,2012
25 000 ,Nabeul,Citroen C4,Essence,2012
30 000 ,Siliana,Ford focus a vendre,,
80 000 ,Sfax,Mercedes Classe Glk,Essence,2009
34 500 ,Tunis,Volkswagen Jetta,Essence,2011
23 500 ,Ben arous,Peugeot 206,Essence,2012
105 000 ,Mahdia,Peugeot 3008,Essence,2020
80 000 ,Sfax,Mercedes Classe C,Essence,2012
44 000 ,Sfax,Renault Clio,Essence,2021
15 800 ,Ben arous,Volkswagen Golf 3,Diesel,1995
1 ,Manouba,Citroen AUTRE,Essence,2017
23 500 ,Tunis,Citroen AUTRE,Essence,2015
26 800 ,Ariana,Mahindra KUV 100,Essence,2018
65 000 ,Ariana,Volkswagen Golf,Essence,2019
41 000 ,Manouba,Skoda Octavia,Essence,2015
33 ,Nabeul,Hyundai I10,Essence,2020
37 000 ,Tunis,Kia RIO,Essence,2015
11 000 ,Nabeul,Opel Corsa,Essence,1999
95 ,Ben arous,Volkswagen T-ROCK,Essence,2019
0 ,Sousse,Kuv100 /k8 toute neuve,,
0 ,Manouba,Kia SPORTAGE,Hybride,2022
65 ,Manouba,Ssangyong Tivoli,Essence,2021
21 000 ,Sousse,Chery QQ,Essence,2018
36 ,Nabeul,Dacia SANDERO,Essence,2014
28 000 ,Ariana,Peugeot 208,Essence,2016
90 ,Tunis,Mercedes Classe C,Essence,2016
16 000 ,Ben arous,Volkswagen Polo,Essence,2001
13 200 ,Manouba,Volkswagen Polo,Essence,1998
11 111 ,Ariana,Renault Clio,Essence,2003
18 000 ,Tunis,Chevrolet AVEO,Essence,2012
41 000 ,Sfax,Kia RIO,Essence,2018
30 000 ,Manouba,Peugeot 108,Essence,2017
50 ,Tunis,Ssangyong Actyon,Diesel,2017
111 ,Gabes,Peugeot 106,Essence,1994
34 ,Sousse,Peugeot 208,Essence,2019
34 ,Ariana,Suzuki Swift,Essence,2018
34 000 ,Tunis,Hyundai I20,Essence,2016
42 500 ,Tunis,Chery Tiggo 2,Essence,2020
45 000 ,Tunis,Audi A4,Essence,2013
80 000 ,Ariana,Honda CIVIC,Essence,2020
14 500 ,Ariana,Fiat PALIO WEEKEND,Essence,2008
11 900 ,Tunis,Peugeot 106,Essence,1997
20 500 ,Tunis,Ford AUTRE,Essence,2013
0 ,Ben arous,Seat Ibiza,Essence,2023
63 500 ,Tunis,Kia RIO,Essence,2022
1 ,Ariana,Bmw AUTRE,Diesel,2009
62 500 ,Ben arous,Renault Clio,Essence,2024
33 500 ,Sousse,Volkswagen Golf,Diesel,2012
37 ,Bizerte,Audi A4,Essence,2012
26 500 ,Nabeul,Peugeot 207,Essence,2012
25 000 ,Nabeul,Citroen C4,Essence,2012
30 000 ,Siliana,Ford focus a vendre,,
80 000 ,Sfax,Mercedes Classe Glk,Essence,2009
34 500 ,Tunis,Volkswagen Jetta,Essence,2011
23 500 ,Ben arous,Peugeot 206,Essence,2012
105 000 ,Mahdia,Peugeot 3008,Essence,2020
80 000 ,Sfax,Mercedes Classe C,Essence,2012
44 000 ,Sfax,Renault Clio,Essence,2021
15 800 ,Ben arous,Volkswagen Golf 3,Diesel,1995
1 ,Manouba,Citroen AUTRE,Essence,2017
23 500 ,Tunis,Citroen AUTRE,Essence,2015
95 ,Gafsa,Golf 8 neuf,,
65 000 ,Ariana,Volkswagen Golf,Essence,2019
41 000 ,Manouba,Skoda Octavia,Essence,2015
33 ,Nabeul,Hyundai I10,Essence,2020
37 000 ,Tunis,Kia RIO,Essence,2015
11 000 ,Nabeul,Opel Corsa,Essence,1999
95 ,Ben arous,Volkswagen T-ROCK,Essence,2019
0 ,Sousse,Kuv100 /k8 toute neuve,,
0 ,Manouba,Kia SPORTAGE,Hybride,2022
65 ,Manouba,Ssangyong Tivoli,Essence,2021
21 000 ,Sousse,Chery QQ,Essence,2018
36 ,Nabeul,Dacia SANDERO,Essence,2014
28 000 ,Ariana,Peugeot 208,Essence,2016
90 ,Tunis,Mercedes Classe C,Essence,2016
16 000 ,Ben arous,Volkswagen Polo,Essence,2001
13 200 ,Manouba,Volkswagen Polo,Essence,1998
11 111 ,Ariana,Renault Clio,Essence,2003
18 000 ,Tunis,Chevrolet AVEO,Essence,2012
41 000 ,Sfax,Kia RIO,Essence,2018
30 000 ,Manouba,Peugeot 108,Essence,2017
50 ,Tunis,Ssangyong Actyon,Diesel,2017
111 ,Gabes,Peugeot 106,Essence,1994
34 ,Sousse,Peugeot 208,Essence,2019
34 ,Ariana,Suzuki Swift,Essence,2018
34 000 ,Tunis,Hyundai I20,Essence,2016
42 500 ,Tunis,Chery Tiggo 2,Essence,2020
45 000 ,Tunis,Audi A4,Essence,2013
80 000 ,Ariana,Honda CIVIC,Essence,2020
14 500 ,Ariana,Fiat PALIO WEEKEND,Essence,2008
11 900 ,Tunis,Peugeot 106,Essence,1997
20 500 ,Tunis,Ford AUTRE,Essence,2013
0 ,Ben arous,Seat Ibiza,Essence,2023
63 500 ,Tunis,Kia RIO,Essence,2022
1 ,Ariana,Bmw AUTRE,Diesel,2009
62 500 ,Ben arous,Renault Clio,Essence,2024
33 500 ,Sousse,Volkswagen Golf,Diesel,2012
37 ,Bizerte,Audi A4,Essence,2012
26 500 ,Nabeul,Peugeot 207,Essence,2012
25 000 ,Nabeul,Citroen C4,Essence,2012
30 000 ,Siliana,Ford focus a vendre,,
80 000 ,Sfax,Mercedes Classe Glk,Essence,2009
34 500 ,Tunis,Volkswagen Jetta,Essence,2011
23 500 ,Ben arous,Peugeot 206,Essence,2012
105 000 ,Mahdia,Peugeot 3008,Essence,2020
80 000 ,Sfax,Mercedes Classe C,Essence,2012
44 000 ,Sfax,Renault Clio,Essence,2021
15 800 ,Ben arous,Volkswagen Golf 3,Diesel,1995
1 ,Manouba,Citroen AUTRE,Essence,2017
23 500 ,Tunis,Citroen AUTRE,Essence,2015
95 ,Gafsa,Golf 8 neuf,,
17 ,Nabeul,Peugeot Partner,Diesel,2011
41 000 ,Manouba,Skoda Octavia,Essence,2015
33 ,Nabeul,Hyundai I10,Essence,2020
37 000 ,Tunis,Kia RIO,Essence,2015
11 000 ,Nabeul,Opel Corsa,Essence,1999
95 ,Ben arous,Volkswagen T-ROCK,Essence,2019
0 ,Sousse,Kuv100 /k8 toute neuve,,
0 ,Manouba,Kia SPORTAGE,Hybride,2022
65 ,Manouba,Ssangyong Tivoli,Essence,2021
21 000 ,Sousse,Chery QQ,Essence,2018
36 ,Nabeul,Dacia SANDERO,Essence,2014
28 000 ,Ariana,Peugeot 208,Essence,2016
90 ,Tunis,Mercedes Classe C,Essence,2016
16 000 ,Ben arous,Volkswagen Polo,Essence,2001
13 200 ,Manouba,Volkswagen Polo,Essence,1998
11 111 ,Ariana,Renault Clio,Essence,2003
18 000 ,Tunis,Chevrolet AVEO,Essence,2012
41 000 ,Sfax,Kia RIO,Essence,2018
30 000 ,Manouba,Peugeot 108,Essence,2017
50 ,Tunis,Ssangyong Actyon,Diesel,2017
111 ,Gabes,Peugeot 106,Essence,1994
34 ,Sousse,Peugeot 208,Essence,2019
34 ,Ariana,Suzuki Swift,Essence,2018
34 000 ,Tunis,Hyundai I20,Essence,2016
42 500 ,Tunis,Chery Tiggo 2,Essence,2020
45 000 ,Tunis,Audi A4,Essence,2013
80 000 ,Ariana,Honda CIVIC,Essence,2020
14 500 ,Ariana,Fiat PALIO WEEKEND,Essence,2008
11 900 ,Tunis,Peugeot 106,Essence,1997
20 500 ,Tunis,Ford AUTRE,Essence,2013
0 ,Ben arous,Seat Ibiza,Essence,2023
63 500 ,Tunis,Kia RIO,Essence,2022
1 ,Ariana,Bmw AUTRE,Diesel,2009
62 500 ,Ben arous,Renault Clio,Essence,2024
33 500 ,Sousse,Volkswagen Golf,Diesel,2012
37 ,Bizerte,Audi A4,Essence,2012
26 500 ,Nabeul,Peugeot 207,Essence,2012
25 000 ,Nabeul,Citroen C4,Essence,2012
30 000 ,Siliana,Ford focus a vendre,,
80 000 ,Sfax,Mercedes Classe Glk,Essence,2009
34 500 ,Tunis,Volkswagen Jetta,Essence,2011
23 500 ,Ben arous,Peugeot 206,Essence,2012
105 000 ,Mahdia,Peugeot 3008,Essence,2020
80 000 ,Sfax,Mercedes Classe C,Essence,2012
44 000 ,Sfax,Renault Clio,Essence,2021
15 800 ,Ben arous,Volkswagen Golf 3,Diesel,1995
1 ,Manouba,Citroen AUTRE,Essence,2017
23 500 ,Tunis,Citroen AUTRE,Essence,2015
95 ,Gafsa,Golf 8 neuf,,
17 ,Nabeul,Peugeot Partner,Diesel,2011
40 000 ,Zaghouan,Renault Autres,Essence,2017
33 ,Nabeul,Hyundai I10,Essence,2020
37 000 ,Tunis,Kia RIO,Essence,2015
11 000 ,Nabeul,Opel Corsa,Essence,1999
95 ,Ben arous,Volkswagen T-ROCK,Essence,2019
0 ,Sousse,Kuv100 /k8 toute neuve,,
0 ,Manouba,Kia SPORTAGE,Hybride,2022
65 ,Manouba,Ssangyong Tivoli,Essence,2021
21 000 ,Sousse,Chery QQ,Essence,2018
36 ,Nabeul,Dacia SANDERO,Essence,2014
28 000 ,Ariana,Peugeot 208,Essence,2016
90 ,Tunis,Mercedes Classe C,Essence,2016
16 000 ,Ben arous,Volkswagen Polo,Essence,2001
13 200 ,Manouba,Volkswagen Polo,Essence,1998
11 111 ,Ariana,Renault Clio,Essence,2003
18 000 ,Tunis,Chevrolet AVEO,Essence,2012
41 000 ,Sfax,Kia RIO,Essence,2018
30 000 ,Manouba,Peugeot 108,Essence,2017
50 ,Tunis,Ssangyong Actyon,Diesel,2017
111 ,Gabes,Peugeot 106,Essence,1994
34 ,Sousse,Peugeot 208,Essence,2019
34 ,Ariana,Suzuki Swift,Essence,2018
34 000 ,Tunis,Hyundai I20,Essence,2016
42 500 ,Tunis,Chery Tiggo 2,Essence,2020
45 000 ,Tunis,Audi A4,Essence,2013
80 000 ,Ariana,Honda CIVIC,Essence,2020
14 500 ,Ariana,Fiat PALIO WEEKEND,Essence,2008
11 900 ,Tunis,Peugeot 106,Essence,1997
20 500 ,Tunis,Ford AUTRE,Essence,2013
0 ,Ben arous,Seat Ibiza,Essence,2023
63 500 ,Tunis,Kia RIO,Essence,2022
1 ,Ariana,Bmw AUTRE,Diesel,2009
62 500 ,Ben arous,Renault Clio,Essence,2024
33 500 ,Sousse,Volkswagen Golf,Diesel,2012
37 ,Bizerte,Audi A4,Essence,2012
26 500 ,Nabeul,Peugeot 207,Essence,2012
25 000 ,Nabeul,Citroen C4,Essence,2012
30 000 ,Siliana,Ford focus a vendre,,
80 000 ,Sfax,Mercedes Classe Glk,Essence,2009
34 500 ,Tunis,Volkswagen Jetta,Essence,2011
23 500 ,Ben arous,Peugeot 206,Essence,2012
105 000 ,Mahdia,Peugeot 3008,Essence,2020
80 000 ,Sfax,Mercedes Classe C,Essence,2012
44 000 ,Sfax,Renault Clio,Essence,2021
15 800 ,Ben arous,Volkswagen Golf 3,Diesel,1995
1 ,Manouba,Citroen AUTRE,Essence,2017
23 500 ,Tunis,Citroen AUTRE,Essence,2015
95 ,Gafsa,Golf 8 neuf,,
17 ,Nabeul,Peugeot Partner,Diesel,2011
40 000 ,Zaghouan,Renault Autres,Essence,2017
39 900 ,Bizerte,Hyundai I10,Essence,2017
37 000 ,Tunis,Kia RIO,Essence,2015
11 000 ,Nabeul,Opel Corsa,Essence,1999
95 ,Ben arous,Volkswagen T-ROCK,Essence,2019
0 ,Sousse,Kuv100 /k8 toute neuve,,
0 ,Manouba,Kia SPORTAGE,Hybride,2022
65 ,Manouba,Ssangyong Tivoli,Essence,2021
21 000 ,Sousse,Chery QQ,Essence,2018
36 ,Nabeul,Dacia SANDERO,Essence,2014
28 000 ,Ariana,Peugeot 208,Essence,2016
90 ,Tunis,Mercedes Classe C,Essence,2016
16 000 ,Ben arous,Volkswagen Polo,Essence,2001
13 200 ,Manouba,Volkswagen Polo,Essence,1998
11 111 ,Ariana,Renault Clio,Essence,2003
18 000 ,Tunis,Chevrolet AVEO,Essence,2012
41 000 ,Sfax,Kia RIO,Essence,2018
30 000 ,Manouba,Peugeot 108,Essence,2017
50 ,Tunis,Ssangyong Actyon,Diesel,2017
111 ,Gabes,Peugeot 106,Essence,1994
34 ,Sousse,Peugeot 208,Essence,2019
34 ,Ariana,Suzuki Swift,Essence,2018
34 000 ,Tunis,Hyundai I20,Essence,2016
42 500 ,Tunis,Chery Tiggo 2,Essence,2020
45 000 ,Tunis,Audi A4,Essence,2013
80 000 ,Ariana,Honda CIVIC,Essence,2020
14 500 ,Ariana,Fiat PALIO WEEKEND,Essence,2008
11 900 ,Tunis,Peugeot 106,Essence,1997
20 500 ,Tunis,Ford AUTRE,Essence,2013
0 ,Ben arous,Seat Ibiza,Essence,2023
63 500 ,Tunis,Kia RIO,Essence,2022
1 ,Ariana,Bmw AUTRE,Diesel,2009
62 500 ,Ben arous,Renault Clio,Essence,2024
33 500 ,Sousse,Volkswagen Golf,Diesel,2012
37 ,Bizerte,Audi A4,Essence,2012
26 500 ,Nabeul,Peugeot 207,Essence,2012
25 000 ,Nabeul,Citroen C4,Essence,2012
30 000 ,Siliana,Ford focus a vendre,,
80 000 ,Sfax,Mercedes Classe Glk,Essence,2009
34 500 ,Tunis,Volkswagen Jetta,Essence,2011
23 500 ,Ben arous,Peugeot 206,Essence,2012
105 000 ,Mahdia,Peugeot 3008,Essence,2020
80 000 ,Sfax,Mercedes Classe C,Essence,2012
44 000 ,Sfax,Renault Clio,Essence,2021
15 800 ,Ben arous,Volkswagen Golf 3,Diesel,1995
1 ,Manouba,Citroen AUTRE,Essence,2017
23 500 ,Tunis,Citroen AUTRE,Essence,2015
95 ,Gafsa,Golf 8 neuf,,
17 ,Nabeul,Peugeot Partner,Diesel,2011
40 000 ,Zaghouan,Renault Autres,Essence,2017
39 900 ,Bizerte,Hyundai I10,Essence,2017
63 000 ,Tunis,Kia RIO,Essence,2022
11 000 ,Nabeul,Opel Corsa,Essence,1999
95 ,Ben arous,Volkswagen T-ROCK,Essence,2019
0 ,Sousse,Kuv100 /k8 toute neuve,,
0 ,Manouba,Kia SPORTAGE,Hybride,2022
65 ,Manouba,Ssangyong Tivoli,Essence,2021
21 000 ,Sousse,Chery QQ,Essence,2018
36 ,Nabeul,Dacia SANDERO,Essence,2014
28 000 ,Ariana,Peugeot 208,Essence,2016
90 ,Tunis,Mercedes Classe C,Essence,2016
16 000 ,Ben arous,Volkswagen Polo,Essence,2001
13 200 ,Manouba,Volkswagen Polo,Essence,1998
11 111 ,Ariana,Renault Clio,Essence,2003
18 000 ,Tunis,Chevrolet AVEO,Essence,2012
41 000 ,Sfax,Kia RIO,Essence,2018
30 000 ,Manouba,Peugeot 108,Essence,2017
50 ,Tunis,Ssangyong Actyon,Diesel,2017
111 ,Gabes,Peugeot 106,Essence,1994
34 ,Sousse,Peugeot 208,Essence,2019
34 ,Ariana,Suzuki Swift,Essence,2018
34 000 ,Tunis,Hyundai I20,Essence,2016
42 500 ,Tunis,Chery Tiggo 2,Essence,2020
45 000 ,Tunis,Audi A4,Essence,2013
80 000 ,Ariana,Honda CIVIC,Essence,2020
14 500 ,Ariana,Fiat PALIO WEEKEND,Essence,2008
11 900 ,Tunis,Peugeot 106,Essence,1997
20 500 ,Tunis,Ford AUTRE,Essence,2013
0 ,Ben arous,Seat Ibiza,Essence,2023
63 500 ,Tunis,Kia RIO,Essence,2022
1 ,Ariana,Bmw AUTRE,Diesel,2009
62 500 ,Ben arous,Renault Clio,Essence,2024
33 500 ,Sousse,Volkswagen Golf,Diesel,2012
37 ,Bizerte,Audi A4,Essence,2012
26 500 ,Nabeul,Peugeot 207,Essence,2012
25 000 ,Nabeul,Citroen C4,Essence,2012
30 000 ,Siliana,Ford focus a vendre,,
80 000 ,Sfax,Mercedes Classe Glk,Essence,2009
34 500 ,Tunis,Volkswagen Jetta,Essence,2011
23 500 ,Ben arous,Peugeot 206,Essence,2012
105 000 ,Mahdia,Peugeot 3008,Essence,2020
80 000 ,Sfax,Mercedes Classe C,Essence,2012
44 000 ,Sfax,Renault Clio,Essence,2021
15 800 ,Ben arous,Volkswagen Golf 3,Diesel,1995
1 ,Manouba,Citroen AUTRE,Essence,2017
23 500 ,Tunis,Citroen AUTRE,Essence,2015
95 ,Gafsa,Golf 8 neuf,,
17 ,Nabeul,Peugeot Partner,Diesel,2011
40 000 ,Zaghouan,Renault Autres,Essence,2017
39 900 ,Bizerte,Hyundai I10,Essence,2017
63 000 ,Tunis,Kia RIO,Essence,2022
28 886 696 ,Gabes,Renault Zoe,Essence,2010
95 ,Ben arous,Volkswagen T-ROCK,Essence,2019
0 ,Sousse,Kuv100 /k8 toute neuve,,
0 ,Manouba,Kia SPORTAGE,Hybride,2022
65 ,Manouba,Ssangyong Tivoli,Essence,2021
21 000 ,Sousse,Chery QQ,Essence,2018
36 ,Nabeul,Dacia SANDERO,Essence,2014
28 000 ,Ariana,Peugeot 208,Essence,2016
90 ,Tunis,Mercedes Classe C,Essence,2016
16 000 ,Ben arous,Volkswagen Polo,Essence,2001
13 200 ,Manouba,Volkswagen Polo,Essence,1998
11 111 ,Ariana,Renault Clio,Essence,2003
18 000 ,Tunis,Chevrolet AVEO,Essence,2012
41 000 ,Sfax,Kia RIO,Essence,2018
30 000 ,Manouba,Peugeot 108,Essence,2017
50 ,Tunis,Ssangyong Actyon,Diesel,2017
111 ,Gabes,Peugeot 106,Essence,1994
34 ,Sousse,Peugeot 208,Essence,2019
34 ,Ariana,Suzuki Swift,Essence,2018
34 000 ,Tunis,Hyundai I20,Essence,2016
42 500 ,Tunis,Chery Tiggo 2,Essence,2020
45 000 ,Tunis,Audi A4,Essence,2013
80 000 ,Ariana,Honda CIVIC,Essence,2020
14 500 ,Ariana,Fiat PALIO WEEKEND,Essence,2008
11 900 ,Tunis,Peugeot 106,Essence,1997
20 500 ,Tunis,Ford AUTRE,Essence,2013
0 ,Ben arous,Seat Ibiza,Essence,2023
63 500 ,Tunis,Kia RIO,Essence,2022
1 ,Ariana,Bmw AUTRE,Diesel,2009
62 500 ,Ben arous,Renault Clio,Essence,2024
33 500 ,Sousse,Volkswagen Golf,Diesel,2012
37 ,Bizerte,Audi A4,Essence,2012
26 500 ,Nabeul,Peugeot 207,Essence,2012
25 000 ,Nabeul,Citroen C4,Essence,2012
30 000 ,Siliana,Ford focus a vendre,,
80 000 ,Sfax,Mercedes Classe Glk,Essence,2009
34 500 ,Tunis,Volkswagen Jetta,Essence,2011
23 500 ,Ben arous,Peugeot 206,Essence,2012
105 000 ,Mahdia,Peugeot 3008,Essence,2020
80 000 ,Sfax,Mercedes Classe C,Essence,2012
44 000 ,Sfax,Renault Clio,Essence,2021
15 800 ,Ben arous,Volkswagen Golf 3,Diesel,1995
1 ,Manouba,Citroen AUTRE,Essence,2017
23 500 ,Tunis,Citroen AUTRE,Essence,2015
95 ,Gafsa,Golf 8 neuf,,
17 ,Nabeul,Peugeot Partner,Diesel,2011
40 000 ,Zaghouan,Renault Autres,Essence,2017
39 900 ,Bizerte,Hyundai I10,Essence,2017
63 000 ,Tunis,Kia RIO,Essence,2022
28 886 696 ,Gabes,Renault Zoe,Essence,2010
55 000 ,Tunis,Renault Kadjar,Essence,2019
0 ,Sousse,Kuv100 /k8 toute neuve,,
0 ,Manouba,Kia SPORTAGE,Hybride,2022
65 ,Manouba,Ssangyong Tivoli,Essence,2021
21 000 ,Sousse,Chery QQ,Essence,2018
36 ,Nabeul,Dacia SANDERO,Essence,2014
28 000 ,Ariana,Peugeot 208,Essence,2016
90 ,Tunis,Mercedes Classe C,Essence,2016
16 000 ,Ben arous,Volkswagen Polo,Essence,2001
13 200 ,Manouba,Volkswagen Polo,Essence,1998
11 111 ,Ariana,Renault Clio,Essence,2003
18 000 ,Tunis,Chevrolet AVEO,Essence,2012
41 000 ,Sfax,Kia RIO,Essence,2018
30 000 ,Manouba,Peugeot 108,Essence,2017
50 ,Tunis,Ssangyong Actyon,Diesel,2017
111 ,Gabes,Peugeot 106,Essence,1994
34 ,Sousse,Peugeot 208,Essence,2019
34 ,Ariana,Suzuki Swift,Essence,2018
34 000 ,Tunis,Hyundai I20,Essence,2016
42 500 ,Tunis,Chery Tiggo 2,Essence,2020
45 000 ,Tunis,Audi A4,Essence,2013
80 000 ,Ariana,Honda CIVIC,Essence,2020
14 500 ,Ariana,Fiat PALIO WEEKEND,Essence,2008
11 900 ,Tunis,Peugeot 106,Essence,1997
20 500 ,Tunis,Ford AUTRE,Essence,2013
0 ,Ben arous,Seat Ibiza,Essence,2023
63 500 ,Tunis,Kia RIO,Essence,2022
1 ,Ariana,Bmw AUTRE,Diesel,2009
62 500 ,Ben arous,Renault Clio,Essence,2024
33 500 ,Sousse,Volkswagen Golf,Diesel,2012
37 ,Bizerte,Audi A4,Essence,2012
26 500 ,Nabeul,Peugeot 207,Essence,2012
25 000 ,Nabeul,Citroen C4,Essence,2012
30 000 ,Siliana,Ford focus a vendre,,
80 000 ,Sfax,Mercedes Classe Glk,Essence,2009
34 500 ,Tunis,Volkswagen Jetta,Essence,2011
23 500 ,Ben arous,Peugeot 206,Essence,2012
105 000 ,Mahdia,Peugeot 3008,Essence,2020
80 000 ,Sfax,Mercedes Classe C,Essence,2012
44 000 ,Sfax,Renault Clio,Essence,2021
15 800 ,Ben arous,Volkswagen Golf 3,Diesel,1995
1 ,Manouba,Citroen AUTRE,Essence,2017
23 500 ,Tunis,Citroen AUTRE,Essence,2015
95 ,Gafsa,Golf 8 neuf,,
17 ,Nabeul,Peugeot Partner,Diesel,2011
40 000 ,Zaghouan,Renault Autres,Essence,2017
39 900 ,Bizerte,Hyundai I10,Essence,2017
63 000 ,Tunis,Kia RIO,Essence,2022
28 886 696 ,Gabes,Renault Zoe,Essence,2010
55 000 ,Tunis,Renault Kadjar,Essence,2019
42 ,Nabeul,Volkswagen Caddy,Diesel,2017
0 ,Manouba,Kia SPORTAGE,Hybride,2022
65 ,Manouba,Ssangyong Tivoli,Essence,2021
21 000 ,Sousse,Chery QQ,Essence,2018
36 ,Nabeul,Dacia SANDERO,Essence,2014
28 000 ,Ariana,Peugeot 208,Essence,2016
90 ,Tunis,Mercedes Classe C,Essence,2016
16 000 ,Ben arous,Volkswagen Polo,Essence,2001
13 200 ,Manouba,Volkswagen Polo,Essence,1998
11 111 ,Ariana,Renault Clio,Essence,2003
18 000 ,Tunis,Chevrolet AVEO,Essence,2012
41 000 ,Sfax,Kia RIO,Essence,2018
30 000 ,Manouba,Peugeot 108,Essence,2017
50 ,Tunis,Ssangyong Actyon,Diesel,2017
111 ,Gabes,Peugeot 106,Essence,1994
34 ,Sousse,Peugeot 208,Essence,2019
34 ,Ariana,Suzuki Swift,Essence,2018
34 000 ,Tunis,Hyundai I20,Essence,2016
42 500 ,Tunis,Chery Tiggo 2,Essence,2020
45 000 ,Tunis,Audi A4,Essence,2013
80 000 ,Ariana,Honda CIVIC,Essence,2020
14 500 ,Ariana,Fiat PALIO WEEKEND,Essence,2008
11 900 ,Tunis,Peugeot 106,Essence,1997
20 500 ,Tunis,Ford AUTRE,Essence,2013
0 ,Ben arous,Seat Ibiza,Essence,2023
63 500 ,Tunis,Kia RIO,Essence,2022
1 ,Ariana,Bmw AUTRE,Diesel,2009
62 500 ,Ben arous,Renault Clio,Essence,2024
33 500 ,Sousse,Volkswagen Golf,Diesel,2012
37 ,Bizerte,Audi A4,Essence,2012
26 500 ,Nabeul,Peugeot 207,Essence,2012
25 000 ,Nabeul,Citroen C4,Essence,2012
30 000 ,Siliana,Ford focus a vendre,,
80 000 ,Sfax,Mercedes Classe Glk,Essence,2009
34 500 ,Tunis,Volkswagen Jetta,Essence,2011
23 500 ,Ben arous,Peugeot 206,Essence,2012
105 000 ,Mahdia,Peugeot 3008,Essence,2020
80 000 ,Sfax,Mercedes Classe C,Essence,2012
44 000 ,Sfax,Renault Clio,Essence,2021
15 800 ,Ben arous,Volkswagen Golf 3,Diesel,1995
1 ,Manouba,Citroen AUTRE,Essence,2017
23 500 ,Tunis,Citroen AUTRE,Essence,2015
95 ,Gafsa,Golf 8 neuf,,
17 ,Nabeul,Peugeot Partner,Diesel,2011
40 000 ,Zaghouan,Renault Autres,Essence,2017
39 900 ,Bizerte,Hyundai I10,Essence,2017
63 000 ,Tunis,Kia RIO,Essence,2022
28 886 696 ,Gabes,Renault Zoe,Essence,2010
55 000 ,Tunis,Renault Kadjar,Essence,2019
42 ,Nabeul,Volkswagen Caddy,Diesel,2017
185 000 ,Tunis,Mercedes Classe E,Essence,2017
65 ,Manouba,Ssangyong Tivoli,Essence,2021
21 000 ,Sousse,Chery QQ,Essence,2018
36 ,Nabeul,Dacia SANDERO,Essence,2014
28 000 ,Ariana,Peugeot 208,Essence,2016
90 ,Tunis,Mercedes Classe C,Essence,2016
16 000 ,Ben arous,Volkswagen Polo,Essence,2001
13 200 ,Manouba,Volkswagen Polo,Essence,1998
11 111 ,Ariana,Renault Clio,Essence,2003
18 000 ,Tunis,Chevrolet AVEO,Essence,2012
41 000 ,Sfax,Kia RIO,Essence,2018
30 000 ,Manouba,Peugeot 108,Essence,2017
50 ,Tunis,Ssangyong Actyon,Diesel,2017
111 ,Gabes,Peugeot 106,Essence,1994
34 ,Sousse,Peugeot 208,Essence,2019
34 ,Ariana,Suzuki Swift,Essence,2018
34 000 ,Tunis,Hyundai I20,Essence,2016
42 500 ,Tunis,Chery Tiggo 2,Essence,2020
45 000 ,Tunis,Audi A4,Essence,2013
80 000 ,Ariana,Honda CIVIC,Essence,2020
14 500 ,Ariana,Fiat PALIO WEEKEND,Essence,2008
11 900 ,Tunis,Peugeot 106,Essence,1997
20 500 ,Tunis,Ford AUTRE,Essence,2013
0 ,Ben arous,Seat Ibiza,Essence,2023
63 500 ,Tunis,Kia RIO,Essence,2022
1 ,Ariana,Bmw AUTRE,Diesel,2009
62 500 ,Ben arous,Renault Clio,Essence,2024
33 500 ,Sousse,Volkswagen Golf,Diesel,2012
37 ,Bizerte,Audi A4,Essence,2012
26 500 ,Nabeul,Peugeot 207,Essence,2012
25 000 ,Nabeul,Citroen C4,Essence,2012
30 000 ,Siliana,Ford focus a vendre,,
80 000 ,Sfax,Mercedes Classe Glk,Essence,2009
34 500 ,Tunis,Volkswagen Jetta,Essence,2011
23 500 ,Ben arous,Peugeot 206,Essence,2012
105 000 ,Mahdia,Peugeot 3008,Essence,2020
80 000 ,Sfax,Mercedes Classe C,Essence,2012
44 000 ,Sfax,Renault Clio,Essence,2021
15 800 ,Ben arous,Volkswagen Golf 3,Diesel,1995
1 ,Manouba,Citroen AUTRE,Essence,2017
23 500 ,Tunis,Citroen AUTRE,Essence,2015
95 ,Gafsa,Golf 8 neuf,,
17 ,Nabeul,Peugeot Partner,Diesel,2011
40 000 ,Zaghouan,Renault Autres,Essence,2017
39 900 ,Bizerte,Hyundai I10,Essence,2017
63 000 ,Tunis,Kia RIO,Essence,2022
28 886 696 ,Gabes,Renault Zoe,Essence,2010
55 000 ,Tunis,Renault Kadjar,Essence,2019
42 ,Nabeul,Volkswagen Caddy,Diesel,2017
185 000 ,Tunis,Mercedes Classe E,Essence,2017
135 000 ,Tunis,Hyundai TUCSON,Diesel,2022
