Brand,Model,Price,Kilométrage,Carrosserie,Boite vitesse,Cylindrée,Puissance fiscale,Transmission,Énergie,Age
audi,Q2,99500.0,78000,SUV/4x4,Automatique,999.0,7.0,Traction,Essence,6.0
audi,A6,99500.0,117000,Berline,Automatique,1798.0,10.0,Traction,Essence,9.0
audi,A4,85000.0,141000,Berline,Automatique,1398.0,8.0,Traction,Essence,7.0
audi,Q3,152000.0,122000,SUV/4x4,Automatique,1398.0,9.0,Traction,Essence,3.0
audi,A5,48000.0,201000,Coupé,Automatique,1998.0,10.0,Traction,Essence,13.0
audi,A5,53000.0,168000,Coupé,Automatique,1998.0,13.0,Traction,Essence,15.0
audi,A4,46000.0,233000,Berline,Manuelle,1798.0,7.0,Traction,Essence,13.0
audi,Q7,69000.0,180000,SUV/4x4,Automatique,2967.0,16.0,Traction,Diesel,14.0
audi,A4,50000.0,241000,Berline,Automatique,1984.0,11.0,Traction,Essence,16.0
audi,Q3,168000.0,85000,Coupé,Automatique,1395.0,8.0,Traction,Hybride,3.0
audi,A1,112000.0,15000,Compacte,Automatique,999.0,6.0,Traction,Essence,1.0
audi,Q5,78000.0,270000,SUV/4x4,Automatique,1998.0,10.0,Traction,Diesel,10.0
audi,A3,69000.0,128000,Compacte,Manuelle,1198.0,6.0,Traction,Essence,6.0
audi,A3,128000.0,14000,Coupé,Automatique,1333.0,6.0,Traction,Essence,1.0
audi,Q5,47000.0,255000,SUV/4x4,Automatique,2000.0,13.0,Traction,Essence,15.0
audi,A3,78500.0,125000,Coupé,Manuelle,1200.0,6.0,Traction,Essence,5.0
audi,A3,69000.0,210000,Coupé,Manuelle,1000.0,6.0,Traction,Essence,6.0
audi,A3,125000.0,40000,Berline,Automatique,1400.0,8.0,Intégrale,Essence,1.0
audi,Q3,165000.0,81602,SUV/4x4,Automatique,1498.0,8.0,Traction,Hybride,4.0
audi,A5,92000.0,198000,Berline,Automatique,1395.0,8.0,Traction,Essence,6.0
audi,A4,68000.0,210000,Berline,Automatique,1600.0,8.0,Propulsion,Essence,7.0
audi,A5,210000.0,34502,Berline,Automatique,1999.0,8.0,Traction,Essence,3.0
audi,Q3,175000.0,77986,SUV/4x4,Automatique,1498.0,8.0,Propulsion,Hybride,3.0
audi,Q5,110000.0,176000,SUV/4x4,Automatique,2000.0,10.0,Traction,Diesel,9.0
audi,A3,64500.0,154000,Compacte,Manuelle,1197.0,6.0,Traction,Essence,8.0
audi,A5,142000.0,102000,Berline,Automatique,1984.0,8.0,Traction,Essence,3.0
audi,A3,119000.0,56000,Berline,Automatique,1395.0,8.0,Traction,Essence,2.0
audi,A7,295000.0,86000,Berline,Automatique,2995.0,23.0,Intégrale,Essence,2.0
audi,A5,170000.0,58000,Berline,Automatique,2000.0,8.0,Traction,Essence,3.0
audi,A5,147000.0,85000,Berline,Automatique,1400.0,8.0,Traction,Essence,4.0
audi,Q3,112000.0,110000,SUV/4x4,Automatique,1498.0,9.0,Propulsion,Essence,5.0
audi,A3,88000.0,17000,Berline,Manuelle,1200.0,6.0,Traction,Essence,4.0
audi,Q3,165000.0,3000,Citadine,Automatique,1998.0,9.0,Traction,Essence,1.0
audi,A5,109000.0,120000,Berline,Automatique,1799.0,8.0,Traction,Essence,5.0
audi,Q5,295000.0,40000,SUV/4x4,Automatique,2000.0,11.0,Traction,Diesel,3.0
audi,A3,85000.0,50000,Berline,Automatique,1000.0,6.0,Traction,Essence,5.0
audi,Q3,95000.0,95000,SUV/4x4,Automatique,1599.0,7.0,Traction,Essence,7.0
audi,A4,58000.0,143000,Berline,Automatique,1799.0,7.0,Traction,Essence,8.0
audi,Q5,165000.0,170000,SUV/4x4,Automatique,2000.0,12.0,Traction,Diesel,5.0
audi,Q8,398000.0,16000,SUV/4x4,Automatique,3000.0,23.0,Traction,Essence,3.0
audi,Q3,90000.0,100000,SUV/4x4,Automatique,1799.0,7.0,Traction,Essence,7.0
audi,A5,59000.0,120000,Cabriolet,Automatique,1999.0,10.0,Traction,Essence,14.0
audi,A3,95000.0,70000,Citadine,Automatique,1599.0,7.0,Traction,Essence,5.0
audi,A5,59000.0,120000,Cabriolet,Automatique,1599.0,10.0,Traction,Essence,14.0
audi,A3,75000.0,78000,Compacte,Manuelle,999.0,6.0,Traction,Essence,5.0
audi,Q5,70000.0,369000,SUV/4x4,Automatique,3000.0,15.0,Intégrale,Diesel,16.0
audi,A5,89000.0,132000,Berline,Automatique,1800.0,10.0,Traction,Essence,9.0
audi,A4,53000.0,199000,Citadine,Manuelle,1800.0,7.0,Traction,Essence,10.0
audi,A6,102000.0,124000,Berline,Automatique,1800.0,10.0,Traction,Essence,8.0
audi,Q2,114000.0,30000,SUV/4x4,Automatique,1400.0,8.0,Traction,Essence,3.0
audi,Q3,175000.0,50000,SUV/4x4,Automatique,1999.0,8.0,Traction,Hybride,3.0
audi,A3,145000.0,900,Berline,Automatique,1500.0,8.0,Intégrale,Hybride,1.0
audi,A4,115000.0,45000,Berline,Automatique,1395.0,8.0,Traction,Essence,6.0
audi,A5,115000.0,80000,Coupé,Automatique,1400.0,8.0,Traction,Essence,5.0
audi,Q3,200000.0,40000,SUV/4x4,Automatique,1400.0,8.0,Traction,Hybride,1.0
audi,A3,67500.0,100000,Coupé,Manuelle,1197.0,6.0,Traction,Essence,6.0
audi,RS,335000.0,20000,Berline,Automatique,2480.0,28.0,Intégrale,Essence,2.0
audi,A3,62000.0,105000,Berline,Manuelle,1200.0,5.0,Traction,Essence,9.0
audi,Q3,188000.0,68000,Berline,Automatique,1498.0,8.0,Traction,Essence,3.0
audi,A5,108000.0,125000,Coupé,Automatique,1999.0,8.0,Propulsion,Essence,5.0
audi,A3,79000.0,151000,Berline,Automatique,1400.0,6.0,Propulsion,Essence,5.0
audi,Q5,115000.0,278000,SUV/4x4,Automatique,2000.0,10.0,Propulsion,Diesel,9.0
audi,Q5,115000.0,278000,SUV/4x4,Automatique,2000.0,10.0,Propulsion,Diesel,9.0
audi,A5,85000.0,255000,Berline,Automatique,1500.0,8.0,Traction,Essence,5.0
audi,A3,89000.0,17929,Berline,Manuelle,900.0,6.0,Traction,Essence,4.0
audi,A4,43000.0,198000,Berline,Manuelle,1798.0,7.0,Propulsion,Essence,12.0
audi,A3,71000.0,110000,Berline,Automatique,1200.0,7.0,Traction,Essence,7.0
audi,S5,140000.0,120000,Coupé,Automatique,4000.0,26.0,Traction,Essence,13.0
audi,Q5,79000.0,157000,SUV/4x4,Automatique,2000.0,10.0,Intégrale,Diesel,11.0
audi,Q3,162000.0,15000,SUV/4x4,Automatique,1400.0,8.0,Traction,Essence,4.0
audi,Q3,98000.0,66000,Autres,Automatique,1400.0,8.0,Traction,Essence,7.0
audi,A5,103000.0,130000,Berline,Automatique,1395.0,8.0,Traction,Essence,6.0
audi,Q5,75500.0,96500,SUV/4x4,Automatique,1999.0,14.0,Intégrale,Essence,10.0
audi,A5,105000.0,120000,Autres,Automatique,1395.0,8.0,Traction,Essence,6.0
audi,Q5,245000.0,90000,SUV/4x4,Automatique,1984.0,15.0,Intégrale,Hybride,3.0
audi,A3,28000.0,414000,Citadine,Manuelle,1896.0,5.0,Traction,Diesel,18.0
audi,A3,65000.0,122000,Berline,Automatique,1200.0,6.0,Traction,Essence,8.0
audi,Q3,63000.0,237000,Autres,Automatique,1968.0,10.0,Traction,Diesel,13.0
audi,A4,74000.0,186000,Berline,Automatique,1398.0,8.0,Traction,Essence,6.0
audi,A1,52000.0,91000,Citadine,Manuelle,1197.0,5.0,Traction,Essence,11.0
audi,A5,62000.0,180000,Cabriolet,Manuelle,1000.0,9.0,Traction,Essence,13.0
audi,Q3,78000.0,200000,SUV/4x4,Automatique,1000.0,10.0,Traction,Essence,11.0
audi,A4,45000.0,248705,Berline,Manuelle,1798.0,7.0,Traction,Essence,11.0
audi,A5,98000.0,70000,Berline,Automatique,2000.0,8.0,Traction,Essence,5.0
audi,A5,75000.0,109000,Coupé,Automatique,4000.0,9.0,Traction,Essence,10.0
audi,A3,140000.0,20000,Berline,Automatique,1400.0,8.0,Traction,Essence,2.0
audi,A4,72000.0,230000,Berline,Automatique,1400.0,8.0,Traction,Essence,6.0
audi,Q8,368000.0,61000,SUV/4x4,Automatique,3000.0,23.0,Intégrale,Essence,3.0
audi,Q2,95000.0,77000,SUV/4x4,Automatique,999.0,6.0,Traction,Essence,5.0
audi,Q3,150000.0,80000,SUV/4x4,Automatique,1498.0,8.0,Traction,Essence,3.0
audi,Q4,180000.0,32000,SUV/4x4,Automatique,1000.0,11.0,Propulsion,Electrique,1.0
audi,A3,40000.0,222000,Coupé,Manuelle,1598.0,5.0,Traction,Diesel,14.0
audi,Q2,125000.0,75000,SUV/4x4,Automatique,1498.0,8.0,Traction,Essence,3.0
audi,Q4,169000.0,24500,SUV/4x4,Automatique,899.0,9.0,Propulsion,Electrique,2.0
audi,A5,90000.0,200000,Berline,Automatique,1395.0,8.0,Traction,Essence,7.0
audi,A3,52000.0,130000,Berline,Manuelle,1197.0,5.0,Traction,Essence,10.0
bmw,SE,53000.0,120000,Citadine,Automatique,1598.0,7.0,Traction,Essence,12.0
bmw,SE,51500.0,127000,Berline,Automatique,1598.0,7.0,Traction,Essence,12.0
bmw,SE,236500.0,58000,Berline,Automatique,1998.0,10.0,Traction,Hybride,2.0
bmw,SE,61500.0,139000,Berline,Automatique,1988.0,10.0,Traction,Essence,12.0
bmw,SE,39900.0,232000,Coupé,Manuelle,1598.0,7.0,Traction,Essence,15.0
bmw,SE,155500.0,200000,Berline,Automatique,2998.0,20.0,Traction,Diesel,12.0
bmw,SE,41000.0,241000,Berline,Manuelle,1598.0,7.0,Traction,Essence,16.0
bmw,SE,134000.0,135000,Berline,Automatique,1598.0,10.0,Traction,Essence,6.0
bmw,X5,68500.0,283000,SUV/4x4,Automatique,2998.0,15.0,Traction,Diesel,17.0
bmw,SE,79900.0,197000,Berline,Automatique,1998.0,10.0,Traction,Essence,12.0
bmw,X5,86000.0,159000,SUV/4x4,Automatique,3498.0,19.0,Traction,Diesel,14.0
bmw,X1,98000.0,78000,SUV/4x4,Automatique,1498.0,8.0,Traction,Essence,4.0
bmw,X5,65000.0,295000,SUV/4x4,Automatique,2998.0,16.0,Traction,Diesel,17.0
bmw,SE,85000.0,177000,Berline,Automatique,1498.0,7.0,Traction,Essence,6.0
bmw,SE,79500.0,179000,Berline,Automatique,1999.0,10.0,Traction,Essence,11.0
bmw,SE,115000.0,99000,Coupé,Automatique,1498.0,7.0,Traction,Essence,5.0
bmw,SE,120000.0,151000,Berline,Automatique,1598.0,9.0,Traction,Essence,8.0
bmw,SE,58000.0,105000,Citadine,Manuelle,1598.0,6.0,Traction,Essence,8.0
bmw,SE,120000.0,61000,Coupé,Automatique,1498.0,8.0,Traction,Essence,4.0
bmw,X2,134000.0,75000,SUV/4x4,Automatique,1499.0,8.0,Traction,Essence,4.0
bmw,SE,85000.0,152000,Berline,Automatique,1499.0,7.0,Traction,Essence,8.0
bmw,X3,75000.0,219000,SUV/4x4,Automatique,1998.0,11.0,Traction,Essence,10.0
bmw,SE,69000.0,201000,Berline,Automatique,1598.0,7.0,Traction,Essence,10.0
bmw,SE,115000.0,120000,Berline,Automatique,899.0,7.0,Propulsion,Essence,7.0
bmw,X5,265000.0,112000,SUV/4x4,Automatique,3000.0,14.0,Traction,Essence,4.0
bmw,SE,130000.0,132000,Berline,Automatique,1598.0,10.0,Propulsion,Essence,6.0
bmw,X2,132000.0,74000,SUV/4x4,Automatique,1500.0,8.0,Traction,Essence,4.0
bmw,SE,138500.0,40000,Coupé,Automatique,1500.0,7.0,Traction,Essence,2.0
bmw,SE,75000.0,182000,Berline,Automatique,1600.0,9.0,Traction,Essence,10.0
bmw,X1,85000.0,126000,SUV/4x4,Automatique,1499.0,7.0,Traction,Essence,8.0
bmw,SE,275000.0,80000,Berline,Automatique,2000.0,15.0,Intégrale,Essence,6.0
bmw,SE,147000.0,70000,Berline,Automatique,1600.0,10.0,Intégrale,Essence,6.0
bmw,SE,90000.0,120000,Berline,Automatique,1500.0,7.0,Intégrale,Essence,5.0
bmw,X4,234000.0,119000,SUV/4x4,Automatique,1998.0,16.0,Intégrale,Essence,5.0
bmw,SE,89000.0,140000,Berline,Automatique,2979.0,23.0,Traction,Essence,15.0
bmw,SE,100000.0,48000,Berline,Automatique,1500.0,7.0,Traction,Essence,7.0
bmw,X1,92000.0,133000,SUV/4x4,Automatique,1499.0,8.0,Traction,Essence,4.0
bmw,SE,98000.0,120000,Berline,Automatique,1500.0,7.0,Propulsion,Essence,5.0
bmw,SE,37500.0,300000,Coupé,Manuelle,2500.0,10.0,Traction,Essence,24.0
bmw,SE,62000.0,280000,Citadine,Automatique,2000.0,10.0,Traction,Essence,11.0
bmw,X5,39000.0,310000,Citadine,Manuelle,3000.0,11.0,Traction,Diesel,21.0
bmw,SE,225000.0,10000,Coupé,Automatique,2000.0,10.0,Traction,Essence,3.0
bmw,SE,65000.0,170000,Citadine,Automatique,1600.0,7.0,Traction,Essence,11.0
bmw,SE,59000.0,270000,Citadine,Automatique,2000.0,10.0,Traction,Diesel,13.0
bmw,X6,95000.0,190000,SUV/4x4,Automatique,3000.0,15.0,Traction,Diesel,14.0
bmw,SE,138000.0,173000,Berline,Automatique,1600.0,10.0,Traction,Essence,3.0
bmw,SE,63500.0,210000,Berline,Automatique,1600.0,7.0,Propulsion,Essence,11.0
bmw,SE,87000.0,190000,Berline,Automatique,3000.0,18.0,Propulsion,Diesel,19.0
bmw,X6,98000.0,200000,SUV/4x4,Automatique,3000.0,15.0,Intégrale,Diesel,14.0
bmw,SE,62000.0,115000,Compacte,Automatique,1600.0,9.0,Intégrale,Essence,9.0
bmw,SE,81000.0,200000,Berline,Automatique,1995.0,10.0,Traction,Diesel,13.0
bmw,SE,74000.0,152000,Coupé,Manuelle,2000.0,10.0,Traction,Essence,12.0
bmw,SE,40000.0,131766,Berline,Automatique,1600.0,7.0,Traction,Essence,15.0
bmw,X3,65000.0,186000,SUV/4x4,Automatique,3000.0,13.0,Traction,Diesel,18.0
bmw,SE,62000.0,156000,Coupé,Automatique,2000.0,9.0,Traction,Essence,14.0
bmw,SE,65000.0,112000,Berline,Automatique,1600.0,7.0,Traction,Essence,11.0
bmw,SE,79000.0,142000,Berline,Automatique,1499.0,7.0,Traction,Essence,8.0
bmw,SE,66000.0,131000,Citadine,Manuelle,1598.0,7.0,Traction,Essence,9.0
bmw,SE,92000.0,92000,Berline,Manuelle,1998.0,10.0,Traction,Essence,8.0
bmw,SE,81000.0,111074,Compacte,Automatique,1499.0,7.0,Traction,Essence,5.0
bmw,X4,243000.0,50000,SUV/4x4,Automatique,1998.0,11.0,Intégrale,Essence,5.0
bmw,X1,175000.0,21000,SUV/4x4,Automatique,1499.0,9.0,Traction,Essence,1.0
bmw,X5,170000.0,214000,SUV/4x4,Automatique,1995.0,13.0,Intégrale,Diesel,6.0
bmw,X3,220000.0,69500,SUV/4x4,Automatique,1995.0,8.0,Traction,Diesel,4.0
bmw,SE,265000.0,20500,Coupé,Automatique,1998.0,10.0,Traction,Essence,1.0
bmw,X2,132000.0,38000,SUV/4x4,Automatique,1499.0,7.0,Propulsion,Essence,6.0
bmw,SE,105000.0,108000,Berline,Automatique,1499.0,7.0,Traction,Essence,7.0
bmw,SE,174000.0,80000,Berline,Automatique,1600.0,9.0,Traction,Essence,3.0
bmw,SE,178000.0,93000,Berline,Automatique,1600.0,10.0,Traction,Essence,4.0
bmw,SE,208000.0,32000,Berline,Automatique,1600.0,10.0,Traction,Essence,3.0
bmw,X6,98000.0,180000,SUV/4x4,Automatique,3000.0,21.0,Intégrale,Essence,13.0
bmw,SE,145000.0,90000,Berline,Automatique,1498.0,7.0,Traction,Essence,5.0
bmw,SE,89000.0,89000,Berline,Automatique,1699.0,7.0,Traction,Essence,5.0
bmw,X4,139000.0,140000,SUV/4x4,Automatique,2000.0,10.0,Traction,Diesel,6.0
bmw,SE,75000.0,165000,Citadine,Automatique,1699.0,7.0,Traction,Essence,8.0
bmw,SE,85000.0,190000,Coupé,Automatique,2999.0,17.0,Traction,Essence,15.0
bmw,SE,87000.0,180000,Coupé,Automatique,1999.0,10.0,Traction,Essence,9.0
bmw,SE,278000.0,50000,Berline,Automatique,2500.0,10.0,Traction,Hybride,3.0
bmw,SE,97000.0,133000,Berline,Automatique,1799.0,7.0,Traction,Essence,8.0
bmw,X5,455000.0,19000,SUV/4x4,Automatique,3000.0,15.0,Traction,Hybride,3.0
bmw,SE,75000.0,200000,Citadine,Automatique,1499.0,7.0,Traction,Essence,5.0
bmw,SE,110000.0,98000,Berline,Automatique,4000.0,23.0,Traction,Essence,14.0
bmw,SE,135000.0,40000,SUV/4x4,Automatique,1200.0,7.0,Traction,Essence,4.0
bmw,SE,130000.0,140000,Coupé,Automatique,1000.0,7.0,Traction,Essence,3.0
bmw,SE,90000.0,200000,Berline,Automatique,1999.0,10.0,Traction,Essence,9.0
bmw,SE,68000.0,126000,Citadine,Manuelle,1499.0,7.0,Traction,Essence,7.0
bmw,SE,107000.0,160000,Coupé,Automatique,1999.0,10.0,Traction,Essence,9.0
bmw,SE,135000.0,21000,Berline,Automatique,1200.0,8.0,Traction,Essence,2.0
bmw,X6,110000.0,270000,SUV/4x4,Automatique,3000.0,15.0,Traction,Diesel,16.0
bmw,SE,88000.0,117000,Berline,Automatique,1499.0,7.0,Traction,Essence,7.0
bmw,X2,122000.0,76000,Citadine,Automatique,1500.0,8.0,Traction,Essence,4.0
bmw,SE,109000.0,119000,Berline,Automatique,1600.0,9.0,Traction,Essence,8.0
bmw,SE,128500.0,73000,Berline,Automatique,1597.0,10.0,Propulsion,Essence,6.0
bmw,SE,124500.0,155000,Berline,Automatique,1600.0,10.0,Propulsion,Essence,7.0
bmw,X1,129000.0,87000,SUV/4x4,Automatique,1499.0,8.0,Traction,Essence,4.0
bmw,SE,79000.0,145000,Berline,Automatique,1500.0,7.0,Propulsion,Essence,8.0
bmw,SE,65000.0,280000,Berline,Automatique,2000.0,9.0,Traction,Essence,9.0
bmw,SE,125000.0,17000,Compacte,Automatique,1500.0,6.0,Traction,Essence,2.0
bmw,SE,135000.0,100000,Berline,Automatique,2000.0,10.0,Propulsion,Essence,5.0
bmw,SE,55000.0,188000,Berline,Manuelle,1598.0,7.0,Propulsion,Essence,9.0
bmw,SE,55000.0,144000,Citadine,Automatique,1598.0,7.0,Propulsion,Essence,9.0
bmw,SE,52000.0,150000,Berline,Automatique,1598.0,7.0,Traction,Essence,11.0
bmw,SE,145000.0,120000,Berline,Automatique,2000.0,10.0,Traction,Essence,8.0
bmw,SE,118000.0,122000,Coupé,Automatique,1499.0,7.0,Traction,Essence,5.0
bmw,SE,67000.0,210000,Berline,Automatique,1600.0,7.0,Propulsion,Essence,9.0
bmw,SE,65000.0,82000,Berline,Automatique,1598.0,7.0,Propulsion,Essence,11.0
bmw,SE,160000.0,60000,Berline,Automatique,1995.0,8.0,Intégrale,Diesel,2.0
bmw,SE,166500.0,39000,Berline,Automatique,1995.0,15.0,Propulsion,Essence,5.0
bmw,SE,127000.0,79000,Compacte,Automatique,3000.0,6.0,Traction,Essence,3.0
bmw,SE,50000.0,170500,Compacte,Automatique,1598.0,7.0,Traction,Essence,11.0
bmw,SE,34500.0,220000,Berline,Automatique,2000.0,9.0,Traction,Essence,18.0
bmw,SE,77000.0,155000,Berline,Automatique,1600.0,7.0,Propulsion,Essence,7.0
bmw,SE,250000.0,2500,Coupé,Automatique,2000.0,10.0,Propulsion,Essence,3.0
bmw,SE,77000.0,152000,Berline,Automatique,1800.0,7.0,Propulsion,Essence,7.0
bmw,SE,175000.0,140000,Berline,Automatique,2000.0,10.0,Traction,Essence,3.0
bmw,X6,140000.0,190000,SUV/4x4,Automatique,4000.0,22.0,Traction,Diesel,13.0
bmw,SE,118000.0,107000,Berline,Automatique,1800.0,7.0,Propulsion,Essence,4.0
bmw,SE,95000.0,107000,Berline,Automatique,1800.0,7.0,Propulsion,Essence,7.0
bmw,SE,105000.0,102000,Berline,Automatique,1598.0,9.0,Propulsion,Essence,8.0
bmw,SE,60000.0,169000,Citadine,Manuelle,3160.0,7.0,Traction,Essence,10.0
bmw,X5,48000.0,180000,SUV/4x4,Automatique,1000.0,21.0,Traction,Essence,20.0
bmw,SE,58000.0,120000,Compacte,Automatique,1000.0,9.0,Traction,Essence,10.0
bmw,X5,148000.0,170000,SUV/4x4,Automatique,2000.0,13.0,Intégrale,Diesel,9.0
bmw,X4,258000.0,47000,SUV/4x4,Automatique,3000.0,15.0,Traction,Essence,3.0
bmw,X5,168000.0,102000,SUV/4x4,Automatique,2000.0,13.0,Intégrale,Diesel,8.0
bmw,SE,36500.0,251000,Coupé,Manuelle,1596.0,7.0,Traction,Essence,12.0
bmw,SE,69000.0,250000,Berline,Automatique,2497.0,12.0,Propulsion,Essence,14.0
bmw,SE,76000.0,72000,Berline,Automatique,1499.0,7.0,Traction,Essence,6.0
bmw,SE,178000.0,70000,Berline,Automatique,1600.0,10.0,Traction,Essence,3.0
bmw,X2,145000.0,67000,SUV/4x4,Automatique,1499.0,8.0,Propulsion,Essence,5.0
bmw,SE,115000.0,83000,Berline,Automatique,1499.0,7.0,Propulsion,Essence,5.0
bmw,SE,49000.0,250000,Autres,Automatique,1995.0,10.0,Traction,Diesel,17.0
bmw,SE,59000.0,200000,Coupé,Manuelle,1598.0,7.0,Traction,Essence,10.0
bmw,SE,115000.0,70000,Berline,Automatique,1499.0,7.0,Traction,Essence,5.0
bmw,X5,115000.0,126000,Autres,Automatique,2993.0,10.0,Traction,Diesel,14.0
bmw,SE,67000.0,60000,Compacte,Automatique,1499.0,7.0,Propulsion,Essence,8.0
bmw,SE,44000.0,178000,Coupé,Manuelle,1995.0,8.0,Propulsion,Essence,13.0
bmw,SE,125000.0,100000,Berline,Automatique,1500.0,7.0,Propulsion,Essence,6.0
bmw,SE,65000.0,258000,Berline,Automatique,1995.0,7.0,Traction,Diesel,11.0
bmw,SE,68000.0,139000,Berline,Automatique,1000.0,10.0,Traction,Essence,10.0
bmw,SE,41000.0,180000,Compacte,Manuelle,1000.0,7.0,Traction,Essence,12.0
bmw,SE,75000.0,180000,Berline,Automatique,1000.0,10.0,Traction,Diesel,14.0
bmw,X3,295000.0,60000,SUV/4x4,Automatique,1000.0,11.0,Traction,Essence,2.0
bmw,SE,170000.0,40000,Berline,Automatique,1000.0,10.0,Traction,Essence,4.0
bmw,SE,148000.0,100000,Berline,Automatique,1998.0,10.0,Traction,Essence,6.0
bmw,SE,120000.0,97000,Berline,Automatique,1597.0,10.0,Propulsion,Essence,7.0
bmw,SE,43000.0,320000,Berline,Manuelle,2497.0,14.0,Propulsion,Essence,16.0
bmw,SE,210000.0,90000,Berline,Automatique,1998.0,10.0,Propulsion,Hybride,5.0
bmw,IX,114000.0,104000,SUV/4x4,Automatique,1499.0,6.0,Traction,Hybride,4.0
bmw,SE,125000.0,94000,Citadine,Automatique,1500.0,8.0,Traction,Essence,4.0
bmw,X6,68000.0,140000,SUV/4x4,Automatique,3500.0,19.0,Intégrale,Essence,15.0
bmw,SE,79000.0,117000,Berline,Automatique,1600.0,7.0,Traction,Essence,7.0
bmw,X1,79000.0,105000,SUV/4x4,Automatique,1500.0,7.0,Traction,Essence,6.0
bmw,X5,62000.0,154000,SUV/4x4,Automatique,2993.0,19.0,Intégrale,Essence,16.0
bmw,SE,150000.0,85000,Coupé,Automatique,2000.0,11.0,Propulsion,Essence,5.0
bmw,SE,73000.0,170000,Berline,Automatique,1995.0,10.0,Intégrale,Diesel,14.0
bmw,SE,100000.0,121000,Berline,Automatique,1499.0,7.0,Traction,Essence,5.0
bmw,SE,115000.0,110,Citadine,Automatique,1499.0,8.0,Traction,Essence,4.0
bmw,SE,51000.0,172000,Coupé,Manuelle,900.0,6.0,Traction,Essence,11.0
bmw,X4,243000.0,51000,SUV/4x4,Automatique,1998.0,11.0,Intégrale,Essence,5.0
bmw,X1,75000.0,107000,SUV/4x4,Automatique,1499.0,7.0,Traction,Essence,8.0
bmw,SE,40000.0,182000,Coupé,Manuelle,1596.0,7.0,Traction,Essence,15.0
bmw,SE,280000.0,80000,Coupé,Automatique,1995.0,10.0,Intégrale,Diesel,2.0
bmw,SE,55000.0,242500,Berline,Manuelle,1999.0,10.0,Propulsion,Essence,12.0
bmw,SE,90000.0,134000,Berline,Manuelle,3000.0,6.0,Traction,Diesel,4.0
bmw,X1,121000.0,108000,SUV/4x4,Automatique,1500.0,8.0,Traction,Essence,4.0
bmw,SE,49000.0,160000,Coupé,Manuelle,1599.0,7.0,Propulsion,Essence,13.0
bmw,SE,50000.0,208000,Compacte,Manuelle,1995.0,9.0,Propulsion,Diesel,14.0
bmw,SE,109000.0,107000,Berline,Automatique,1699.0,9.0,Traction,Essence,7.0
bmw,SE,60000.0,260000,Berline,Automatique,1600.0,7.0,Traction,Essence,11.0
bmw,X2,140000.0,62190,SUV/4x4,Automatique,1998.0,11.0,Traction,Essence,4.0
bmw,SE,158000.0,64327,Berline,Automatique,1998.0,10.0,Propulsion,Essence,4.0
bmw,SE,120000.0,86000,Berline,Automatique,1499.0,7.0,Propulsion,Essence,4.0
bmw,SE,51000.0,238000,Berline,Automatique,1598.0,7.0,Traction,Essence,10.0
bmw,SE,89000.0,176000,Autres,Manuelle,2000.0,7.0,Traction,Diesel,10.0
bmw,SE,110000.0,180000,Coupé,Automatique,2000.0,10.0,Propulsion,Essence,7.0
hyundai,GR,47500.0,56000,Citadine,Automatique,999.0,4.0,Traction,Essence,2.0
hyundai,GR,50500.0,62000,Citadine,Automatique,1198.0,5.0,Traction,Essence,3.0
hyundai,I2,79000.0,21000,Citadine,Automatique,999.0,5.0,Traction,Essence,1.0
hyundai,GR,42000.0,82000,Citadine,Manuelle,999.0,4.0,Traction,Essence,2.0
hyundai,TU,120000.0,109000,SUV/4x4,Automatique,1598.0,7.0,Traction,Hybride,3.0
hyundai,H-,23000.0,224000,Autres,Manuelle,2198.0,8.0,Traction,Diesel,22.0
hyundai,AU,72000.0,26000,Autres,Manuelle,2498.0,8.0,Traction,Diesel,3.0
hyundai,GR,41500.0,97000,Citadine,Automatique,999.0,4.0,Traction,Essence,4.0
hyundai,GR,41900.0,43000,Citadine,Manuelle,999.0,4.0,Traction,Essence,3.0
hyundai,I2,43000.0,132000,Citadine,Manuelle,1198.0,5.0,Traction,Essence,8.0
hyundai,GR,49000.0,34000,Citadine,Manuelle,1198.0,5.0,Traction,Essence,2.0
hyundai,CO,30000.0,138000,Coupé,Manuelle,1598.0,7.0,Traction,Essence,21.0
hyundai,TU,167000.0,40000,SUV/4x4,Automatique,1598.0,7.0,Traction,Hybride,2.0
hyundai,GR,38500.0,79500,Citadine,Manuelle,998.0,4.0,Traction,Essence,3.0
hyundai,TU,117000.0,115000,SUV/4x4,Automatique,1598.0,7.0,Traction,Hybride,3.0
hyundai,GR,33800.0,159000,Citadine,Manuelle,1200.0,5.0,Traction,Essence,7.0
hyundai,GR,34900.0,90000,Berline,Manuelle,1200.0,5.0,Traction,Essence,5.0
hyundai,GR,44500.0,19000,Compacte,Manuelle,1000.0,4.0,Traction,Essence,2.0
hyundai,TU,120000.0,82648,Autres,Automatique,1598.0,7.0,Propulsion,Hybride,4.0
hyundai,IX,55000.0,324765,SUV/4x4,Automatique,2000.0,11.0,Intégrale,Diesel,11.0
hyundai,CR,74000.0,90500,SUV/4x4,Automatique,1497.0,6.0,Traction,Essence,4.0
hyundai,TU,142000.0,11500,SUV/4x4,Automatique,1600.0,10.0,Intégrale,Essence,1.0
hyundai,TU,147000.0,40000,SUV/4x4,Automatique,1599.0,10.0,Intégrale,Essence,2.0
hyundai,TU,129000.0,19000,SUV/4x4,Automatique,1599.0,9.0,Traction,Essence,1.0
hyundai,TU,138000.0,120000,SUV/4x4,Automatique,2000.0,10.0,Traction,Hybride,2.0
hyundai,TU,137000.0,80000,SUV/4x4,Automatique,1599.0,7.0,Traction,Hybride,3.0
hyundai,KO,79000.0,30000,SUV/4x4,Manuelle,1599.0,6.0,Traction,Hybride,3.0
hyundai,GR,53000.0,30000,Citadine,Manuelle,1199.0,5.0,Traction,Essence,2.0
hyundai,GR,53000.0,54000,Citadine,Automatique,1199.0,5.0,Traction,Essence,3.0
hyundai,TU,161000.0,24000,SUV/4x4,Automatique,1599.0,10.0,Traction,Essence,1.0
hyundai,CR,74000.0,76000,Citadine,Manuelle,1600.0,7.0,Traction,Essence,5.0
hyundai,VE,112000.0,87000,Coupé,Automatique,1600.0,11.0,Traction,Essence,5.0
hyundai,TU,145000.0,51000,SUV/4x4,Automatique,1600.0,7.0,Traction,Hybride,3.0
hyundai,IX,66500.0,160000,SUV/4x4,Automatique,1699.0,11.0,Traction,Diesel,8.0
hyundai,I2,64000.0,54000,Compacte,Manuelle,1198.0,5.0,Traction,Essence,2.0
hyundai,I2,53500.0,76000,Compacte,Manuelle,1198.0,5.0,Traction,Essence,2.0
hyundai,GR,48500.0,47000,Compacte,Manuelle,1198.0,5.0,Traction,Essence,1.0
hyundai,TU,100000.0,81000,SUV/4x4,Automatique,2000.0,10.0,Traction,Diesel,6.0
hyundai,TU,178000.0,16000,SUV/4x4,Automatique,1600.0,7.0,Traction,Diesel,1.0
hyundai,GR,51000.0,69000,Monospace,Automatique,1200.0,5.0,Traction,Essence,3.0
hyundai,I2,64000.0,55500,Citadine,Manuelle,1197.0,5.0,Traction,Essence,2.0
hyundai,KO,89000.0,22000,SUV/4x4,Automatique,1600.0,5.0,Intégrale,Hybride,4.0
hyundai,I2,45000.0,163000,Citadine,Manuelle,1200.0,5.0,Traction,Essence,5.0
hyundai,KO,100000.0,20000,SUV/4x4,Automatique,1600.0,11.0,Intégrale,Essence,1.0
hyundai,TU,145000.0,37000,SUV/4x4,Automatique,1600.0,10.0,Intégrale,Essence,2.0
hyundai,I2,41500.0,123500,Citadine,Manuelle,1197.0,5.0,Traction,Essence,7.0
hyundai,CR,82500.0,52000,SUV/4x4,Automatique,1500.0,7.0,Traction,Essence,4.0
hyundai,TU,98000.0,80000,SUV/4x4,Automatique,1600.0,7.0,Traction,Diesel,4.0
hyundai,GR,37000.0,134000,Berline,Manuelle,1200.0,5.0,Traction,Essence,7.0
hyundai,I2,64500.0,26100,Citadine,Manuelle,1200.0,5.0,Traction,Essence,2.0
hyundai,GR,32000.0,208000,Citadine,Manuelle,1248.0,5.0,Traction,Essence,9.0
hyundai,EL,63500.0,65000,Berline,Manuelle,1593.0,7.0,Traction,Essence,7.0
hyundai,I3,85000.0,19000,Berline,Automatique,1000.0,8.0,Traction,Essence,2.0
hyundai,GR,46000.0,85000,Citadine,Manuelle,900.0,4.0,Traction,Essence,2.0
hyundai,GR,40500.0,80000,Citadine,Manuelle,998.0,4.0,Traction,Essence,2.0
hyundai,VE,49000.0,100000,Compacte,Automatique,1000.0,11.0,Traction,Essence,11.0
hyundai,GR,45000.0,15000,Berline,Manuelle,1198.0,5.0,Traction,Essence,5.0
hyundai,I2,65000.0,56000,Citadine,Manuelle,1200.0,5.0,Traction,Essence,2.0
hyundai,TU,90000.0,130000,Monospace,Automatique,1600.0,8.0,Traction,Essence,4.0
hyundai,TU,162000.0,24000,SUV/4x4,Automatique,1600.0,10.0,Intégrale,Essence,2.0
hyundai,GR,30000.0,150000,Citadine,Manuelle,1198.0,5.0,Traction,Essence,7.0
hyundai,GR,39800.0,57000,Coupé,Manuelle,1000.0,4.0,Traction,Essence,3.0
hyundai,I2,60000.0,47000,Compacte,Manuelle,3000.0,5.0,Traction,Essence,2.0
hyundai,I2,45000.0,150000,Citadine,Manuelle,1197.0,5.0,Traction,Essence,5.0
hyundai,TU,84000.0,215000,SUV/4x4,Automatique,1999.0,11.0,Intégrale,Essence,9.0
hyundai,I2,32000.0,245000,Compacte,Manuelle,1197.0,4.0,Traction,Essence,9.0
hyundai,GR,52000.0,24000,Coupé,Automatique,1197.0,5.0,Traction,Essence,3.0
hyundai,VE,45000.0,80000,Autres,Automatique,1591.0,8.0,Traction,Essence,12.0
hyundai,CR,80000.0,90500,SUV/4x4,Automatique,1591.0,7.0,Traction,Essence,5.0
hyundai,GR,37000.0,194000,Berline,Manuelle,1197.0,5.0,Traction,Essence,7.0
hyundai,GR,40000.0,116000,Citadine,Automatique,1200.0,5.0,Traction,Essence,4.0
kia,CE,42000.0,189000,Berline,Manuelle,1598.0,7.0,Traction,Essence,9.0
kia,RI,49500.0,112000,Citadine,Manuelle,1198.0,5.0,Traction,Essence,2.0
kia,PI,32500.0,100000,Citadine,Automatique,1198.0,5.0,Traction,Essence,11.0
kia,SO,58000.0,273000,SUV/4x4,Automatique,2198.0,12.0,Traction,Diesel,11.0
kia,SP,120000.0,79000,SUV/4x4,Automatique,1598.0,7.0,Traction,Diesel,4.0
kia,OP,40000.0,206000,Berline,Automatique,1998.0,10.0,Traction,Essence,12.0
kia,RI,44500.0,87000,Berline,Manuelle,1198.0,5.0,Traction,Essence,7.0
kia,PI,40900.0,111000,Citadine,Automatique,1198.0,5.0,Traction,Essence,5.0
kia,SP,100000.0,143000,SUV/4x4,Automatique,1998.0,10.0,Traction,Diesel,8.0
kia,SP,76000.0,150000,SUV/4x4,Automatique,1598.0,8.0,Traction,Essence,6.0
kia,PI,42500.0,91000,Citadine,Automatique,1198.0,5.0,Traction,Essence,3.0
kia,OP,45500.0,176000,Berline,Automatique,1998.0,10.0,Traction,Essence,10.0
kia,OP,38000.0,379000,Berline,Automatique,1998.0,10.0,Traction,Essence,12.0
kia,SP,47000.0,232000,SUV/4x4,Automatique,1999.0,11.0,Traction,Essence,13.0
kia,RI,69900.0,35000,Berline,Automatique,1398.0,6.0,Traction,Essence,2.0
kia,SO,89000.0,209000,SUV/4x4,Automatique,2199.0,12.0,Traction,Diesel,9.0
kia,SP,54000.0,324000,SUV/4x4,Automatique,1995.0,11.0,Traction,Diesel,12.0
kia,SP,85000.0,101000,SUV/4x4,Automatique,1598.0,8.0,Traction,Essence,6.0
kia,SP,110000.0,132000,Citadine,Automatique,1999.0,10.0,Traction,Diesel,6.0
kia,CE,41500.0,180000,Berline,Automatique,1598.0,8.0,Traction,Essence,10.0
kia,RI,29000.0,170000,Berline,Manuelle,1399.0,6.0,Traction,Essence,14.0
kia,SP,98000.0,119000,SUV/4x4,Automatique,1599.0,7.0,Traction,Diesel,5.0
kia,RI,56000.0,117000,Compacte,Manuelle,1200.0,5.0,Traction,Essence,3.0
kia,RI,49000.0,145000,Citadine,Manuelle,1560.0,5.0,Traction,Essence,5.0
kia,SP,112000.0,85000,SUV/4x4,Automatique,1600.0,11.0,Traction,Essence,3.0
kia,RI,52500.0,80000,Coupé,Manuelle,1200.0,5.0,Traction,Essence,6.0
kia,PI,42900.0,90000,Compacte,Manuelle,1200.0,5.0,Traction,Essence,2.0
kia,SE,95000.0,37000,SUV/4x4,Automatique,1600.0,8.0,Traction,Essence,3.0
kia,SP,148600.0,39000,SUV/4x4,Automatique,1600.0,10.0,Intégrale,Essence,2.0
kia,SP,97000.0,140000,SUV/4x4,Automatique,2000.0,10.0,Propulsion,Diesel,8.0
kia,RI,58000.0,114000,Berline,Automatique,1400.0,6.0,Traction,Essence,5.0
kia,CA,45000.0,213000,SUV/4x4,Automatique,1685.0,8.0,Intégrale,Diesel,10.0
kia,SP,114000.0,55000,SUV/4x4,Automatique,1598.0,7.0,Traction,Diesel,3.0
kia,SP,155000.0,37400,SUV/4x4,Automatique,1600.0,10.0,Traction,Hybride,1.0
kia,RI,54000.0,68954,Berline,Manuelle,1200.0,5.0,Traction,Essence,5.0
kia,PI,43000.0,3805,Berline,Manuelle,1000.0,4.0,Traction,Essence,3.0
kia,SP,103000.0,77000,SUV/4x4,Automatique,1591.0,8.0,Traction,Essence,3.0
kia,SP,76000.0,123000,SUV/4x4,Automatique,1591.0,8.0,Traction,Essence,5.0
kia,PI,47000.0,16000,Autres,Automatique,1200.0,5.0,Traction,Essence,5.0
kia,PI,54500.0,63000,Autres,Automatique,1200.0,4.0,Traction,Essence,2.0
kia,RI,57500.0,70000,Citadine,Manuelle,1200.0,5.0,Traction,Essence,4.0
kia,RI,62000.0,70000,Citadine,Manuelle,1200.0,5.0,Traction,Essence,3.0
kia,RI,73000.0,9000,Citadine,Manuelle,1199.0,5.0,Traction,Essence,1.0
kia,SE,89000.0,130000,SUV/4x4,Automatique,1599.0,8.0,Traction,Essence,3.0
kia,RI,65000.0,60000,Citadine,Manuelle,1200.0,5.0,Traction,Essence,3.0
kia,RI,59650.0,85000,Citadine,Manuelle,1199.0,5.0,Traction,Essence,2.0
kia,SP,107000.0,114000,SUV/4x4,Automatique,1599.0,7.0,Traction,Hybride,3.0
kia,SP,128000.0,19000,SUV/4x4,Manuelle,1599.0,7.0,Traction,Diesel,3.0
kia,SP,105000.0,140000,SUV/4x4,Automatique,2000.0,10.0,Traction,Diesel,7.0
kia,RI,64000.0,64000,Citadine,Manuelle,1200.0,5.0,Traction,Essence,3.0
kia,SP,83500.0,127000,SUV/4x4,Automatique,1699.0,8.0,Traction,Essence,5.0
kia,SP,98000.0,140000,SUV/4x4,Automatique,1599.0,7.0,Traction,Hybride,4.0
kia,SP,85000.0,125000,SUV/4x4,Automatique,1599.0,8.0,Traction,Essence,5.0
kia,SP,95000.0,69000,SUV/4x4,Automatique,1599.0,8.0,Traction,Essence,5.0
kia,SP,119000.0,40000,SUV/4x4,Automatique,1600.0,8.0,Traction,Essence,4.0
kia,SP,143000.0,23000,SUV/4x4,Automatique,1599.0,10.0,Traction,Essence,2.0
kia,SP,119000.0,120000,SUV/4x4,Automatique,1599.0,6.0,Traction,Hybride,3.0
kia,CE,32500.0,205000,Coupé,Manuelle,1600.0,7.0,Traction,Essence,14.0
kia,PI,46500.0,28000,Citadine,Automatique,1200.0,4.0,Traction,Essence,3.0
kia,RI,62500.0,68000,Citadine,Manuelle,1200.0,5.0,Traction,Essence,3.0
kia,SP,97000.0,124000,Autres,Automatique,1600.0,8.0,Traction,Diesel,5.0
kia,SP,149000.0,40000,SUV/4x4,Automatique,1999.0,10.0,Intégrale,Hybride,1.0
kia,SP,122000.0,30000,Compacte,Automatique,1000.0,10.0,Traction,Essence,2.0
kia,RI,51500.0,84000,Compacte,Manuelle,1198.0,5.0,Traction,Essence,3.0
kia,CE,52000.0,178000,Compacte,Manuelle,1398.0,6.0,Traction,Essence,5.0
kia,RI,49800.0,124000,Compacte,Manuelle,1198.0,5.0,Traction,Essence,3.0
kia,SO,72000.0,352000,SUV/4x4,Automatique,2200.0,12.0,Traction,Diesel,9.0
kia,RI,65000.0,72000,Compacte,Manuelle,1198.0,5.0,Traction,Essence,3.0
kia,SP,75000.0,96000,SUV/4x4,Automatique,1600.0,8.0,Traction,Essence,6.0
kia,CE,38500.0,250000,Berline,Automatique,1599.0,8.0,Intégrale,Essence,10.0
kia,SP,91000.0,139000,SUV/4x4,Automatique,1685.0,7.0,Traction,Diesel,6.0
kia,SP,92000.0,155000,SUV/4x4,Automatique,2000.0,10.0,Traction,Diesel,7.0
kia,SP,118000.0,140000,SUV/4x4,Automatique,2000.0,10.0,Traction,Diesel,6.0
kia,SP,139000.0,37000,SUV/4x4,Automatique,1599.0,10.0,Intégrale,Essence,2.0
kia,PI,31500.0,73000,Berline,Automatique,1200.0,5.0,Traction,Essence,12.0
kia,SP,108000.0,110000,SUV/4x4,Automatique,2000.0,11.0,Intégrale,Essence,4.0
kia,RI,62500.0,107000,Compacte,Manuelle,1200.0,5.0,Traction,Essence,3.0
kia,SP,55000.0,379000,SUV/4x4,Manuelle,1700.0,7.0,Traction,Diesel,9.0
kia,RI,49000.0,130000,Coupé,Manuelle,1200.0,5.0,Propulsion,Essence,3.0
kia,RI,37500.0,126000,Berline,Manuelle,1200.0,5.0,Traction,Essence,6.0
kia,PI,41000.0,167000,Citadine,Automatique,1248.0,4.0,Traction,Essence,6.0
kia,PI,39900.0,109000,Citadine,Automatique,1400.0,5.0,Traction,Essence,6.0
kia,ST,66000.0,90000,Citadine,Manuelle,998.0,6.0,Intégrale,Essence,4.0
kia,RI,62000.0,51000,Citadine,Manuelle,1200.0,5.0,Traction,Essence,3.0
kia,RI,59000.0,40000,Citadine,Manuelle,1199.0,5.0,Traction,Essence,3.0
kia,RI,53750.0,110000,Coupé,Manuelle,1248.0,5.0,Traction,Essence,4.0
kia,RI,47000.0,69000,Citadine,Manuelle,1197.0,5.0,Traction,Essence,5.0
kia,RI,49900.0,103000,Citadine,Manuelle,1199.0,5.0,Traction,Essence,6.0
kia,QU,95000.0,134000,Berline,Automatique,3778.0,20.0,Propulsion,Essence,10.0
kia,CE,30000.0,204000,Coupé,Manuelle,1591.0,7.0,Traction,Essence,14.0
kia,RI,52000.0,90500,Berline,Manuelle,1193.0,6.0,Traction,Essence,4.0
kia,PI,35000.0,107000,Compacte,Automatique,1000.0,5.0,Traction,Essence,10.0
kia,SP,89000.0,105000,SUV/4x4,Manuelle,1600.0,6.0,Traction,Diesel,6.0
kia,PI,46900.0,86000,Citadine,Automatique,1197.0,4.0,Traction,Essence,3.0
kia,RI,36500.0,176600,Citadine,Manuelle,1200.0,5.0,Traction,Essence,11.0
kia,SP,112000.0,50000,SUV/4x4,Automatique,1600.0,11.0,Intégrale,Essence,3.0
kia,SP,89000.0,124000,SUV/4x4,Automatique,1600.0,8.0,Traction,Essence,4.0
kia,SE,115000.0,14150,Autres,Automatique,1353.0,8.0,Traction,Essence,1.0
kia,RI,68000.0,77000,Berline,Automatique,1400.0,6.0,Traction,Essence,4.0
kia,SP,78000.0,117000,SUV/4x4,Automatique,1591.0,8.0,Traction,Essence,6.0
kia,SP,85000.0,175000,SUV/4x4,Automatique,1000.0,8.0,Intégrale,Essence,5.0
kia,RI,64000.0,62300,Compacte,Manuelle,999.0,5.0,Traction,Essence,3.0
kia,SP,81000.0,99000,SUV/4x4,Manuelle,1600.0,6.0,Propulsion,Diesel,5.0
kia,SP,79500.0,141000,SUV/4x4,Automatique,1500.0,7.0,Traction,Essence,6.0
kia,SP,49000.0,230000,SUV/4x4,Manuelle,1800.0,10.0,Propulsion,Diesel,14.0
kia,RI,63500.0,86000,Compacte,Manuelle,1197.0,5.0,Traction,Essence,2.0
kia,SP,95000.0,90000,SUV/4x4,Automatique,1600.0,11.0,Intégrale,Essence,3.0
kia,PI,38500.0,60000,Citadine,Manuelle,1136.0,4.0,Traction,Essence,4.0
kia,XC,97500.0,48000,SUV/4x4,Automatique,1500.0,9.0,Traction,Essence,1.0
kia,SP,82000.0,99000,SUV/4x4,Automatique,1600.0,8.0,Propulsion,Essence,7.0
kia,PI,47500.0,29000,Citadine,Manuelle,1200.0,5.0,Traction,Essence,3.0
kia,SP,82000.0,200000,SUV/4x4,Automatique,1685.0,7.0,Intégrale,Diesel,7.0
kia,CA,47000.0,240000,Autres,Automatique,1685.0,8.0,Intégrale,Diesel,10.0
kia,CE,38000.0,290000,Citadine,Manuelle,1591.0,7.0,Traction,Essence,11.0
kia,PI,39000.0,133000,Compacte,Manuelle,906.0,4.0,Traction,Essence,5.0
kia,RI,37500.0,103000,Citadine,Manuelle,1468.0,5.0,Intégrale,Essence,10.0
kia,SP,75000.0,111000,SUV/4x4,Automatique,1600.0,8.0,Traction,Essence,5.0
kia,PI,45800.0,74000,Citadine,Automatique,1200.0,5.0,Propulsion,Essence,5.0
kia,XC,110000.0,35000,SUV/4x4,Automatique,1482.0,9.0,Traction,Essence,1.0
kia,CE,43000.0,114000,Coupé,Manuelle,1598.0,7.0,Traction,Essence,10.0
kia,RI,35000.0,93000,Berline,Manuelle,1200.0,6.0,Traction,Essence,10.0
kia,RI,65900.0,40500,Citadine,Manuelle,1197.0,5.0,Traction,Essence,3.0
kia,RI,64000.0,65000,Compacte,Manuelle,1197.0,5.0,Traction,Essence,3.0
kia,RI,30000.0,156900,Berline,Manuelle,1399.0,6.0,Traction,Essence,13.0
kia,RI,49000.0,98000,Citadine,Manuelle,1197.0,5.0,Traction,Essence,6.0
kia,PI,51500.0,27000,Citadine,Automatique,1200.0,5.0,Traction,Essence,2.0
kia,SE,95000.0,60000,Autres,Automatique,1453.0,8.0,Intégrale,Essence,3.0
kia,RI,37500.0,150000,Berline,Manuelle,1240.0,5.0,Intégrale,Essence,8.0
mercedes-benz,CL,59900.0,316000,Berline,Manuelle,1598.0,8.0,Traction,Essence,9.0
mercedes-benz,CL,53000.0,190000,Berline,Automatique,1798.0,11.0,Traction,Essence,13.0
mercedes-benz,CL,144900.0,100000,Berline,Automatique,1298.0,7.0,Traction,Essence,4.0
mercedes-benz,CL,105000.0,172000,Berline,Automatique,1598.0,8.0,Traction,Essence,6.0
mercedes-benz,ML,80000.0,240000,SUV/4x4,Automatique,2987.0,15.0,Traction,Diesel,15.0
mercedes-benz,ML,38000.0,283000,SUV/4x4,Automatique,2987.0,15.0,Traction,Diesel,18.0
mercedes-benz,CL,56000.0,174000,Citadine,Manuelle,1598.0,6.0,Traction,Essence,10.0
mercedes-benz,CL,110000.0,252000,Berline,Automatique,1598.0,9.0,Traction,Essence,7.0
mercedes-benz,ML,56000.0,237000,SUV/4x4,Automatique,2998.0,15.0,Traction,Diesel,18.0
mercedes-benz,CL,119000.0,146000,Berline,Automatique,1595.0,8.0,Traction,Essence,7.0
mercedes-benz,CL,260000.0,37000,Berline,Automatique,1998.0,10.0,Traction,Hybride,3.0
mercedes-benz,CL,78000.0,112000,Berline,Automatique,3498.0,19.0,Traction,Essence,17.0
mercedes-benz,CL,49500.0,194000,Coupé,Automatique,1798.0,12.0,Traction,Essence,15.0
mercedes-benz,CL,63900.0,189000,Berline,Automatique,2198.0,11.0,Traction,Diesel,15.0
mercedes-benz,CL,77500.0,191000,Berline,Automatique,1598.0,8.0,Traction,Essence,11.0
mercedes-benz,CL,185370.0,36000,Berline,Automatique,1332.0,7.0,Traction,Essence,2.0
mercedes-benz,CL,57000.0,160000,Berline,Automatique,2198.0,12.0,Traction,Diesel,15.0
mercedes-benz,CL,125000.0,157000,Berline,Automatique,1598.0,6.0,Traction,Diesel,8.0
mercedes-benz,CL,248000.0,15000,Berline,Automatique,1498.0,9.0,Traction,Essence,2.0
mercedes-benz,CL,49500.0,185000,Berline,Automatique,1598.0,9.0,Traction,Essence,15.0
mercedes-benz,GL,92000.0,97000,Citadine,Automatique,1598.0,8.0,Traction,Essence,8.0
mercedes-benz,CL,135000.0,113000,Berline,Automatique,1598.0,8.0,Traction,Essence,7.0
mercedes-benz,CL,129000.0,101000,Citadine,Automatique,1298.0,7.0,Traction,Essence,4.0
mercedes-benz,CL,119000.0,223000,Berline,Automatique,1598.0,9.0,Traction,Essence,7.0
mercedes-benz,CL,145000.0,112000,Berline,Automatique,1498.0,10.0,Traction,Hybride,5.0
mercedes-benz,CL,92000.0,239000,Berline,Automatique,1598.0,7.0,Traction,Essence,7.0
mercedes-benz,CL,55000.0,199000,Berline,Automatique,1789.0,11.0,Traction,Essence,14.0
mercedes-benz,CL,149500.0,70000,Berline,Automatique,1298.0,7.0,Traction,Essence,3.0
mercedes-benz,CL,64500.0,238000,Berline,Automatique,2143.0,9.0,Propulsion,Diesel,15.0
mercedes-benz,CL,85900.0,137000,Citadine,Automatique,1298.0,7.0,Traction,Essence,5.0
mercedes-benz,GL,118000.0,65000,Citadine,Automatique,1595.0,8.0,Traction,Essence,8.0
mercedes-benz,CL,62000.0,182000,Citadine,Manuelle,1598.0,7.0,Traction,Essence,11.0
mercedes-benz,CL,115000.0,20000,Berline,Automatique,1598.0,7.0,Traction,Essence,6.0
mercedes-benz,CL,95000.0,151000,Berline,Automatique,3499.0,19.0,Traction,Essence,16.0
mercedes-benz,CL,134900.0,59000,Berline,Automatique,1299.0,7.0,Traction,Essence,5.0
mercedes-benz,CL,32000.0,276000,Berline,Automatique,1998.0,10.0,Traction,Essence,21.0
mercedes-benz,CL,55500.0,178000,Berline,Automatique,2897.0,15.0,Propulsion,Essence,15.0
mercedes-benz,CL,119000.0,143000,Berline,Automatique,1598.0,9.0,Traction,Essence,6.0
mercedes-benz,ML,80000.0,160000,Berline,Automatique,3500.0,15.0,Intégrale,Diesel,14.0
mercedes-benz,CL,170000.0,25000,Berline,Automatique,1399.0,8.0,Traction,Hybride,3.0
mercedes-benz,CL,130000.0,35000,Citadine,Automatique,1500.0,8.0,Traction,Hybride,4.0
mercedes-benz,CL,228000.0,98000,Berline,Automatique,1998.0,11.0,Traction,Hybride,3.0
mercedes-benz,CL,145000.0,138000,Berline,Automatique,1499.0,6.0,Traction,Diesel,4.0
mercedes-benz,CL,62000.0,160000,Coupé,Automatique,899.0,11.0,Propulsion,Essence,13.0
mercedes-benz,GL,197000.0,130000,Autres,Automatique,1991.0,10.0,Traction,Hybride,6.0
mercedes-benz,CL,168000.0,158000,Berline,Automatique,1597.0,8.0,Traction,Diesel,4.0
mercedes-benz,CL,166000.0,65000,Berline,Automatique,1300.0,8.0,Traction,Essence,2.0
mercedes-benz,GL,256000.0,29000,SUV/4x4,Automatique,1998.0,12.0,Propulsion,Hybride,3.0
mercedes-benz,CL,125000.0,35000,Citadine,Automatique,1332.0,8.0,Traction,Essence,5.0
mercedes-benz,CL,138000.0,132000,Berline,Automatique,1600.0,9.0,Traction,Essence,7.0
mercedes-benz,CL,55500.0,235000,Berline,Manuelle,1600.0,9.0,Traction,Essence,11.0
mercedes-benz,CL,89000.0,164000,Berline,Automatique,1600.0,9.0,Traction,Essence,10.0
mercedes-benz,GL,285000.0,46000,SUV/4x4,Automatique,1999.0,10.0,Traction,Hybride,3.0
mercedes-benz,CL,150000.0,115000,Berline,Automatique,1600.0,8.0,Intégrale,Diesel,4.0
mercedes-benz,GL,420000.0,30000,SUV/4x4,Automatique,2000.0,8.0,Intégrale,Hybride,2.0
mercedes-benz,CL,185000.0,9000,Berline,Automatique,1500.0,10.0,Intégrale,Hybride,4.0
mercedes-benz,CL,110000.0,60000,Berline,Automatique,3000.0,15.0,Intégrale,Essence,12.0
mercedes-benz,ML,75000.0,127000,SUV/4x4,Automatique,3500.0,19.0,Intégrale,Essence,14.0
mercedes-benz,CL,220000.0,16000,Berline,Automatique,1400.0,9.0,Intégrale,Hybride,1.0
mercedes-benz,GL,250000.0,24804,SUV/4x4,Automatique,1991.0,11.0,Traction,Essence,4.0
mercedes-benz,CL,139000.0,36000,Berline,Automatique,1497.0,9.0,Traction,Essence,4.0
mercedes-benz,CL,230000.0,80000,Coupé,Automatique,2000.0,12.0,Traction,Essence,5.0
mercedes-benz,CL,149000.0,112000,Berline,Automatique,1332.0,8.0,Traction,Essence,4.0
mercedes-benz,ML,70000.0,195000,SUV/4x4,Automatique,3500.0,19.0,Propulsion,Essence,13.0
mercedes-benz,CL,240000.0,100000,Berline,Automatique,2000.0,11.0,Traction,Hybride,3.0
mercedes-benz,CL,78000.0,160000,Berline,Automatique,1800.0,8.0,Intégrale,Essence,11.0
mercedes-benz,CL,85000.0,250000,Citadine,Automatique,3000.0,10.0,Traction,Diesel,13.0
mercedes-benz,CL,118000.0,154000,Berline,Automatique,1600.0,9.0,Traction,Essence,6.0
mercedes-benz,CL,128000.0,107000,Berline,Automatique,1600.0,9.0,Traction,Essence,6.0
mercedes-benz,CL,110000.0,120000,Berline,Automatique,2000.0,8.0,Propulsion,Essence,5.0
mercedes-benz,GL,153000.0,142000,SUV/4x4,Automatique,2000.0,12.0,Traction,Essence,7.0
mercedes-benz,GL,375000.0,74000,SUV/4x4,Automatique,3500.0,8.0,Propulsion,Hybride,3.0
mercedes-benz,GL,115000.0,67000,SUV/4x4,Automatique,2000.0,8.0,Intégrale,Essence,8.0
mercedes-benz,CL,59000.0,161000,Berline,Automatique,2500.0,12.0,Propulsion,Diesel,15.0
mercedes-benz,ML,79000.0,250000,SUV/4x4,Automatique,3200.0,15.0,Intégrale,Diesel,14.0
mercedes-benz,CL,165000.0,54000,Berline,Automatique,1497.0,11.0,Intégrale,Hybride,6.0
mercedes-benz,CL,135000.0,66000,Berline,Automatique,1332.0,8.0,Traction,Hybride,3.0
mercedes-benz,CL,57000.0,280000,Berline,Automatique,3000.0,10.0,Intégrale,Diesel,15.0
mercedes-benz,CL,225000.0,32178,Berline,Automatique,1496.0,11.0,Intégrale,Essence,2.0
mercedes-benz,CL,175000.0,72290,Coupé,Automatique,1991.0,26.0,Traction,Essence,8.0
mercedes-benz,GL,365000.0,26997,SUV/4x4,Automatique,1999.0,12.0,Intégrale,Hybride,1.0
mercedes-benz,CL,64000.0,150000,Berline,Automatique,2996.0,15.0,Traction,Essence,15.0
mercedes-benz,GL,260000.0,41765,SUV/4x4,Automatique,2000.0,12.0,Traction,Hybride,3.0
mercedes-benz,CL,240000.0,100756,Berline,Automatique,2000.0,11.0,Traction,Hybride,3.0
mercedes-benz,GL,260000.0,47000,SUV/4x4,Automatique,2000.0,12.0,Traction,Hybride,3.0
mercedes-benz,CL,97000.0,125043,Berline,Automatique,1600.0,7.0,Traction,Essence,6.0
mercedes-benz,CL,165000.0,55001,Berline,Automatique,1600.0,9.0,Traction,Essence,5.0
mercedes-benz,GL,230000.0,10730,SUV/4x4,Automatique,1400.0,8.0,Traction,Hybride,1.0
mercedes-benz,CL,390000.0,10776,Berline,Automatique,2000.0,11.0,Traction,Essence,1.0
mercedes-benz,CL,185000.0,50893,Berline,Automatique,1500.0,9.0,Traction,Essence,2.0
mercedes-benz,CL,169900.0,31235,Coupé,Automatique,1300.0,8.0,Traction,Hybride,3.0
mercedes-benz,GL,230000.0,82415,Coupé,Automatique,2000.0,10.0,Traction,Hybride,4.0
mercedes-benz,CL,65000.0,249000,Berline,Automatique,1800.0,9.0,Traction,Essence,13.0
mercedes-benz,CL,178000.0,30570,Berline,Automatique,1500.0,8.0,Traction,Essence,3.0
mercedes-benz,CL,185000.0,18500,Berline,Automatique,1400.0,8.0,Traction,Hybride,1.0
mercedes-benz,CL,135000.0,68000,Berline,Automatique,1400.0,8.0,Traction,Essence,6.0
mercedes-benz,CL,145000.0,145000,Berline,Automatique,1600.0,6.0,Traction,Diesel,5.0
mercedes-benz,CL,119000.0,141000,Berline,Automatique,1300.0,7.0,Traction,Diesel,5.0
mercedes-benz,GL,220000.0,39000,SUV/4x4,Automatique,1950.0,9.0,Traction,Diesel,6.0
mercedes-benz,CL,90000.0,176000,Berline,Automatique,1595.0,8.0,Traction,Essence,8.0
mercedes-benz,GL,245000.0,70000,SUV/4x4,Automatique,1991.0,12.0,Traction,Hybride,4.0
mercedes-benz,CL,137000.0,37000,Compacte,Automatique,1332.0,8.0,Traction,Hybride,3.0
mercedes-benz,GL,182000.0,91000,SUV/4x4,Automatique,1332.0,9.0,Traction,Essence,3.0
mercedes-benz,CL,215000.0,35000,Berline,Automatique,1496.0,9.0,Traction,Essence,2.0
mercedes-benz,GL,175000.0,50000,SUV/4x4,Automatique,1332.0,9.0,Traction,Essence,2.0
mercedes-benz,GL,360000.0,6600,SUV/4x4,Automatique,2000.0,12.0,Intégrale,Essence,1.0
mercedes-benz,CL,174000.0,69000,Autres,Automatique,1300.0,8.0,Traction,Hybride,3.0
mercedes-benz,CL,245000.0,9000,Berline,Automatique,1600.0,9.0,Traction,Essence,2.0
mercedes-benz,CL,350000.0,168000,SUV/4x4,Automatique,3000.0,16.0,Intégrale,Diesel,14.0
mercedes-benz,CL,148000.0,93000,Autres,Automatique,1500.0,6.0,Traction,Diesel,4.0
mercedes-benz,ML,88000.0,231000,SUV/4x4,Automatique,3000.0,12.0,Intégrale,Diesel,14.0
mercedes-benz,CL,195000.0,79000,Berline,Automatique,2200.0,11.0,Traction,Hybride,9.0
mercedes-benz,CL,155000.0,95000,Berline,Automatique,1598.0,9.0,Traction,Essence,6.0
mercedes-benz,GL,189000.0,20000,SUV/4x4,Automatique,1498.0,7.0,Traction,Essence,1.0
mercedes-benz,CL,161290.0,135000,Berline,Automatique,1598.0,8.0,Traction,Essence,5.0
mercedes-benz,CL,178000.0,86000,Coupé,Automatique,1498.0,10.0,Traction,Hybride,5.0
mercedes-benz,CL,122000.0,165000,Berline,Automatique,3498.0,18.0,Traction,Essence,14.0
mercedes-benz,CL,159000.0,27000,Berline,Automatique,1599.0,8.0,Traction,Essence,2.0
mercedes-benz,CL,205000.0,68000,Pick up,Automatique,2000.0,8.0,Traction,Diesel,4.0
mercedes-benz,CL,255100.0,20000,Berline,Automatique,1599.0,9.0,Traction,Essence,1.0
mercedes-benz,CL,129000.0,150000,Citadine,Manuelle,1799.0,9.0,Traction,Essence,4.0
mercedes-benz,GL,225000.0,26000,SUV/4x4,Automatique,1999.0,8.0,Traction,Hybride,1.0
mercedes-benz,CL,152000.0,120000,Berline,Automatique,1599.0,10.0,Traction,Hybride,5.0
mercedes-benz,GL,173000.0,90000,SUV/4x4,Automatique,1999.0,9.0,Traction,Essence,3.0
mercedes-benz,CL,83000.0,124000,Berline,Automatique,1599.0,9.0,Traction,Essence,10.0
mercedes-benz,CL,63000.0,200000,Coupé,Automatique,1599.0,9.0,Traction,Essence,12.0
mercedes-benz,CL,152000.0,120000,Berline,Automatique,1497.0,10.0,Traction,Hybride,5.0
mercedes-benz,CL,167000.0,130000,Coupé,Automatique,1599.0,8.0,Traction,Essence,6.0
mercedes-benz,CL,235000.0,50000,Berline,Automatique,1800.0,9.0,Traction,Essence,1.0
mercedes-benz,GL,169000.0,115000,SUV/4x4,Automatique,2499.0,12.0,Traction,Essence,7.0
mercedes-benz,GL,235000.0,12000,SUV/4x4,Automatique,2000.0,11.0,Traction,Essence,1.0
mercedes-benz,GL,210000.0,111000,SUV/4x4,Automatique,2000.0,9.0,Traction,Diesel,3.0
mercedes-benz,CL,48000.0,100000,SUV/4x4,Manuelle,1600.0,7.0,Traction,Essence,10.0
mercedes-benz,CL,173000.0,50000,Coupé,Automatique,1599.0,9.0,Traction,Essence,5.0
mercedes-benz,CL,119000.0,160000,Berline,Automatique,2500.0,11.0,Traction,Diesel,13.0
mercedes-benz,GL,185000.0,40000,SUV/4x4,Automatique,1599.0,7.0,Traction,Essence,2.0
mercedes-benz,GL,189000.0,190000,SUV/4x4,Automatique,2143.0,9.0,Traction,Diesel,7.0
mercedes-benz,CL,89000.0,170000,Berline,Automatique,1599.0,8.0,Traction,Essence,8.0
mercedes-benz,GL,278000.0,69000,SUV/4x4,Automatique,2000.0,12.0,Traction,Hybride,4.0
mercedes-benz,CL,135000.0,90000,Berline,Automatique,1599.0,9.0,Traction,Essence,6.0
mercedes-benz,CL,291800.0,8000,Berline,Automatique,1599.0,9.0,Traction,Essence,2.0
mercedes-benz,CL,158000.0,20000,Citadine,Automatique,1599.0,8.0,Traction,Essence,2.0
mercedes-benz,CL,99000.0,160000,Berline,Automatique,1599.0,9.0,Traction,Essence,10.0
mercedes-benz,CL,51000.0,330000,Berline,Automatique,1999.0,10.0,Traction,Essence,14.0
mercedes-benz,CL,77000.0,330000,Berline,Automatique,2199.0,9.0,Traction,Diesel,13.0
mercedes-benz,CL,240000.0,16000,Berline,Automatique,1599.0,9.0,Traction,Essence,1.0
mercedes-benz,CL,81000.0,163000,Citadine,Automatique,1599.0,7.0,Traction,Essence,10.0
mercedes-benz,CL,169000.0,30000,Citadine,Automatique,1599.0,7.0,Traction,Essence,3.0
mercedes-benz,CL,98000.0,50000,Citadine,Automatique,1599.0,6.0,Traction,Diesel,5.0
mercedes-benz,CL,205000.0,40000,Berline,Automatique,1600.0,9.0,Traction,Essence,2.0
mercedes-benz,CL,264200.0,50000,Berline,Automatique,1399.0,9.0,Traction,Essence,2.0
mercedes-benz,CL,79000.0,240000,Citadine,Automatique,2143.0,9.0,Traction,Diesel,11.0
mercedes-benz,CL,78000.0,170000,Berline,Automatique,3450.0,19.0,Traction,Essence,16.0
mercedes-benz,CL,179000.0,40000,Coupé,Automatique,1599.0,9.0,Traction,Essence,5.0
mercedes-benz,CL,208000.0,40000,Berline,Automatique,1500.0,9.0,Traction,Essence,2.0
mercedes-benz,CL,169000.0,20000,Citadine,Automatique,1599.0,7.0,Traction,Essence,4.0
mercedes-benz,GL,113000.0,74000,SUV/4x4,Automatique,1595.0,8.0,Traction,Essence,8.0
mercedes-benz,CL,115000.0,170000,Berline,Automatique,1599.0,9.0,Traction,Essence,10.0
mercedes-benz,CL,205000.0,35000,Berline,Automatique,1998.0,6.0,Propulsion,Hybride,4.0
mercedes-benz,CL,77000.0,135000,Citadine,Automatique,1800.0,10.0,Traction,Essence,13.0
mercedes-benz,CL,215000.0,80000,Citadine,Automatique,1599.0,9.0,Traction,Essence,2.0
mercedes-benz,CL,59500.0,226000,Berline,Automatique,1600.0,9.0,Propulsion,Essence,11.0
mercedes-benz,CL,64500.0,197000,Berline,Automatique,1800.0,11.0,Propulsion,Essence,14.0
mercedes-benz,CL,108000.0,100000,Citadine,Automatique,1400.0,7.0,Traction,Essence,4.0
mercedes-benz,CL,248000.0,15000,Berline,Automatique,1499.0,9.0,Propulsion,Essence,2.0
mercedes-benz,CL,115000.0,137000,Berline,Automatique,1600.0,8.0,Propulsion,Essence,7.0
mercedes-benz,CL,228000.0,29000,Berline,Automatique,1500.0,9.0,Propulsion,Essence,2.0
mercedes-benz,GL,118000.0,65000,Compacte,Automatique,1600.0,8.0,Traction,Essence,8.0
mercedes-benz,CL,158000.0,80000,Coupé,Automatique,1600.0,8.0,Propulsion,Essence,3.0
mercedes-benz,GL,169000.0,49000,SUV/4x4,Automatique,1400.0,8.0,Traction,Hybride,3.0
mercedes-benz,GL,124000.0,30000,Berline,Automatique,1600.0,7.0,Traction,Essence,6.0
mercedes-benz,GL,259000.0,50000,SUV/4x4,Automatique,2000.0,12.0,Intégrale,Hybride,3.0
mercedes-benz,CL,169000.0,60000,Berline,Automatique,1600.0,10.0,Intégrale,Essence,3.0
mercedes-benz,CL,197000.0,32000,Berline,Automatique,1999.0,12.0,Propulsion,Essence,2.0
mercedes-benz,CL,68000.0,180000,Coupé,Automatique,3000.0,19.0,Traction,Essence,14.0
mercedes-benz,CL,99500.0,180000,Berline,Automatique,1600.0,8.0,Propulsion,Essence,8.0
mercedes-benz,CL,105000.0,175000,Berline,Automatique,1600.0,8.0,Propulsion,Essence,8.0
mercedes-benz,CL,188000.0,30000,Berline,Automatique,1300.0,7.0,Traction,Essence,1.0
mercedes-benz,CL,164000.0,90000,Coupé,Automatique,1991.0,11.0,Traction,Essence,6.0
mercedes-benz,CL,88000.0,56000,Compacte,Automatique,1000.0,9.0,Traction,Essence,11.0
mercedes-benz,CL,230000.0,7300,Berline,Automatique,1500.0,9.0,Propulsion,Essence,2.0
mercedes-benz,CL,68500.0,180000,Citadine,Automatique,1595.0,6.0,Traction,Essence,10.0
mercedes-benz,GL,179000.0,57000,Compacte,Automatique,2000.0,8.0,Traction,Hybride,3.0
mercedes-benz,CL,144000.0,63000,Compacte,Automatique,1300.0,9.0,Traction,Essence,4.0
mercedes-benz,CL,80500.0,201000,Autres,Automatique,1600.0,9.0,Intégrale,Essence,11.0
mercedes-benz,CL,139000.0,76000,Berline,Automatique,1611.0,7.0,Propulsion,Diesel,4.0
mercedes-benz,CL,170000.0,20000,Coupé,Automatique,1400.0,9.0,Traction,Essence,4.0
mercedes-benz,GL,420000.0,54000,SUV/4x4,Automatique,2925.0,18.0,Intégrale,Diesel,4.0
mercedes-benz,CL,135000.0,146000,Berline,Automatique,1595.0,8.0,Propulsion,Essence,9.0
mercedes-benz,CL,127000.0,80000,Berline,Automatique,1400.0,8.0,Propulsion,Hybride,3.0
mercedes-benz,CL,72000.0,300000,Berline,Manuelle,2143.0,7.0,Propulsion,Diesel,14.0
mercedes-benz,CL,105000.0,200000,Berline,Automatique,1600.0,8.0,Traction,Essence,10.0
mercedes-benz,CL,132000.0,100000,Citadine,Automatique,1500.0,6.0,Traction,Essence,4.0
mercedes-benz,GL,450000.0,30000,SUV/4x4,Automatique,3000.0,12.0,Traction,Hybride,2.0
mercedes-benz,CL,260000.0,70000,Berline,Automatique,2000.0,12.0,Traction,Hybride,4.0
mercedes-benz,GL,270000.0,80000,SUV/4x4,Automatique,2000.0,11.0,Intégrale,Hybride,3.0
mercedes-benz,CL,115000.0,130000,Berline,Automatique,1600.0,6.0,Traction,Diesel,7.0
mercedes-benz,CL,46500.0,287000,Berline,Automatique,1597.0,9.0,Propulsion,Essence,15.0
mercedes-benz,CL,98000.0,48700,Coupé,Automatique,1599.0,7.0,Traction,Essence,7.0
mercedes-benz,CL,115000.0,60000,Coupé,Automatique,1300.0,7.0,Traction,Essence,3.0
mercedes-benz,CL,110000.0,90000,Coupé,Automatique,1600.0,7.0,Traction,Essence,3.0
mercedes-benz,CL,145000.0,120000,Coupé,Automatique,1600.0,8.0,Propulsion,Essence,5.0
mercedes-benz,CL,66000.0,180000,Berline,Automatique,1600.0,9.0,Propulsion,Essence,11.0
mercedes-benz,CL,69000.0,123000,Berline,Automatique,1595.0,6.0,Traction,Essence,9.0
mercedes-benz,CL,99000.0,125000,Berline,Automatique,1595.0,8.0,Propulsion,Essence,5.0
mercedes-benz,CL,47500.0,295000,Berline,Automatique,2200.0,10.0,Propulsion,Diesel,18.0
mercedes-benz,GL,258000.0,68000,SUV/4x4,Automatique,1999.0,12.0,Traction,Hybride,4.0
mercedes-benz,GL,240000.0,52000,SUV/4x4,Automatique,2000.0,11.0,Intégrale,Diesel,4.0
mercedes-benz,CL,170000.0,30000,Berline,Automatique,1800.0,7.0,Propulsion,Essence,2.0
mercedes-benz,CL,26000.0,345000,Compacte,Manuelle,2000.0,11.0,Propulsion,Essence,24.0
mercedes-benz,CL,75000.0,134000,Compacte,Manuelle,1800.0,6.0,Propulsion,Essence,7.0
mercedes-benz,CL,77000.0,168000,Coupé,Automatique,1796.0,9.0,Propulsion,Essence,12.0
mercedes-benz,CL,77000.0,134000,Coupé,Automatique,1800.0,10.0,Propulsion,Essence,12.0
mercedes-benz,CL,62000.0,217000,Citadine,Automatique,1595.0,9.0,Propulsion,Essence,12.0
mercedes-benz,CL,71000.0,200000,Utilitaire,Automatique,1796.0,9.0,Traction,Essence,13.0
mercedes-benz,CL,150000.0,80000,Berline,Automatique,1497.0,11.0,Intégrale,Hybride,5.0
mercedes-benz,CL,74000.0,160000,Berline,Automatique,1600.0,9.0,Propulsion,Essence,12.0
mercedes-benz,CL,149500.0,58000,Berline,Automatique,1332.0,8.0,Traction,Hybride,4.0
mercedes-benz,GL,340000.0,50000,SUV/4x4,Automatique,4000.0,12.0,Intégrale,Hybride,3.0
mercedes-benz,GL,358000.0,71000,SUV/4x4,Automatique,2000.0,8.0,Propulsion,Hybride,3.0
mercedes-benz,CL,148000.0,117000,Berline,Automatique,1500.0,6.0,Traction,Diesel,4.0
mercedes-benz,CL,108000.0,161000,Compacte,Automatique,1500.0,6.0,Traction,Diesel,4.0
mercedes-benz,CL,148000.0,44000,Autres,Automatique,1300.0,6.0,Traction,Hybride,2.0
mercedes-benz,CL,195000.0,71000,Berline,Automatique,1500.0,9.0,Propulsion,Hybride,2.0
mercedes-benz,CL,62000.0,270000,Berline,Automatique,1597.0,9.0,Intégrale,Essence,14.0
mercedes-benz,CL,33000.0,190000,Citadine,Manuelle,2200.0,8.0,Traction,Diesel,21.0
mercedes-benz,CL,79000.0,138000,Berline,Automatique,1595.0,8.0,Traction,Essence,11.0
mercedes-benz,CL,150000.0,230000,Berline,Automatique,1950.0,8.0,Traction,Diesel,8.0
mercedes-benz,CL,175000.0,75000,Coupé,Automatique,2000.0,10.0,Propulsion,Essence,5.0
mercedes-benz,CL,85000.0,114123,Compacte,Manuelle,1595.0,8.0,Traction,Essence,8.0
mercedes-benz,CL,76000.0,174000,Berline,Automatique,1595.0,7.0,Traction,Essence,11.0
mercedes-benz,CL,205000.0,39000,Coupé,Automatique,1332.0,8.0,Traction,Hybride,1.0
mercedes-benz,CL,81000.0,112000,Berline,Automatique,2143.0,7.0,Traction,Essence,9.0
mercedes-benz,CL,152000.0,167000,Coupé,Automatique,1595.0,8.0,Propulsion,Essence,5.0
mercedes-benz,CL,120000.0,48000,Berline,Automatique,1580.0,8.0,Propulsion,Essence,10.0
mercedes-benz,GL,105000.0,150000,Coupé,Automatique,1595.0,8.0,Propulsion,Essence,8.0
mercedes-benz,CL,135000.0,67000,Berline,Automatique,1597.0,6.0,Propulsion,Diesel,5.0
mercedes-benz,CL,55000.0,185000,Berline,Automatique,2200.0,10.0,Traction,Diesel,16.0
mercedes-benz,CL,78000.0,207000,Berline,Automatique,1800.0,8.0,Propulsion,Essence,10.0
mercedes-benz,CL,169999.0,22000,Citadine,Automatique,1300.0,8.0,Intégrale,Hybride,2.0
mercedes-benz,CL,45000.0,183000,Monospace,Manuelle,1595.0,7.0,Traction,Essence,12.0
mercedes-benz,CL,65000.0,219000,Berline,Automatique,2987.0,16.0,Propulsion,Diesel,12.0
mercedes-benz,CL,320000.0,49000,Coupé,Automatique,3000.0,28.0,Intégrale,Essence,4.0
mercedes-benz,GL,390000.0,40000,SUV/4x4,Automatique,2996.0,26.0,Intégrale,Essence,7.0
mercedes-benz,GL,80000.0,200000,Compacte,Automatique,1000.0,9.0,Traction,Diesel,15.0
mercedes-benz,CL,79000.0,170000,Berline,Automatique,1000.0,10.0,Traction,Diesel,12.0
mercedes-benz,CL,140000.0,120000,Coupé,Automatique,1000.0,8.0,Traction,Essence,7.0
mercedes-benz,ML,85000.0,180000,SUV/4x4,Automatique,1000.0,15.0,Traction,Diesel,15.0
mercedes-benz,CL,116000.0,125000,Berline,Automatique,1598.0,8.0,Traction,Essence,6.0
mercedes-benz,CL,115000.0,180000,Berline,Automatique,1998.0,10.0,Traction,Essence,8.0
mercedes-benz,CL,126000.0,118000,Autres,Automatique,1300.0,9.0,Traction,Essence,5.0
mercedes-benz,GL,185000.0,32000,SUV/4x4,Automatique,1950.0,8.0,Traction,Diesel,2.0
mercedes-benz,CL,220000.0,2800,Berline,Automatique,1496.0,9.0,Propulsion,Essence,2.0
mercedes-benz,CL,50000.0,200000,Citadine,Manuelle,1595.0,6.0,Intégrale,Essence,9.0
mercedes-benz,CL,85000.0,179000,Berline,Automatique,1595.0,8.0,Propulsion,Essence,10.0
mercedes-benz,CL,89000.0,73000,Berline,Automatique,1600.0,8.0,Traction,Essence,8.0
mercedes-benz,ML,75000.0,212000,SUV/4x4,Automatique,3000.0,15.0,Intégrale,Diesel,15.0
mercedes-benz,GL,178000.0,83000,SUV/4x4,Automatique,1500.0,8.0,Traction,Essence,2.0
mercedes-benz,GL,128000.0,45000,SUV/4x4,Automatique,1600.0,7.0,Traction,Essence,5.0
mercedes-benz,CL,28000.0,181000,Compacte,Manuelle,1500.0,6.0,Traction,Essence,15.0
mercedes-benz,GL,192000.0,37000,SUV/4x4,Automatique,1500.0,8.0,Traction,Hybride,2.0
mercedes-benz,CL,128000.0,66000,Compacte,Automatique,1600.0,8.0,Traction,Essence,4.0
mercedes-benz,CL,225000.0,28000,Berline,Automatique,1500.0,9.0,Propulsion,Essence,2.0
mercedes-benz,CL,139000.0,63000,Citadine,Automatique,1600.0,8.0,Traction,Essence,4.0
mercedes-benz,GL,259000.0,32000,Coupé,Automatique,1998.0,12.0,Intégrale,Hybride,4.0
mercedes-benz,CL,95000.0,185000,SUV/4x4,Automatique,3997.0,23.0,Intégrale,Diesel,17.0
mercedes-benz,CL,118000.0,96000,Citadine,Automatique,1559.0,6.0,Traction,Diesel,5.0
mercedes-benz,CL,78000.0,131000,Citadine,Automatique,1595.0,6.0,Traction,Essence,11.0
mercedes-benz,CL,90000.0,210000,Berline,Automatique,2143.0,7.0,Propulsion,Diesel,10.0
mercedes-benz,CL,139000.0,78000,Berline,Automatique,1595.0,9.0,Propulsion,Essence,6.0
mercedes-benz,GL,168000.0,105000,SUV/4x4,Automatique,1400.0,9.0,Traction,Essence,3.0
mercedes-benz,CL,78000.0,130000,Berline,Manuelle,1590.0,6.0,Traction,Essence,9.0
mercedes-benz,CL,71000.0,167000,Citadine,Automatique,1500.0,6.0,Traction,Diesel,10.0
mercedes-benz,CL,48500.0,181400,Berline,Automatique,1796.0,9.0,Propulsion,Essence,15.0
mercedes-benz,CL,68000.0,200003,Berline,Automatique,900.0,8.0,Traction,Diesel,13.0
mercedes-benz,CL,159900.0,60000,Coupé,Automatique,1332.0,8.0,Traction,Hybride,2.0
mercedes-benz,GL,199000.0,84000,SUV/4x4,Automatique,1991.0,12.0,Propulsion,Hybride,4.0
mercedes-benz,CL,66000.0,200000,Berline,Automatique,1595.0,7.0,Propulsion,Essence,9.0
mercedes-benz,CL,57000.0,195210,Berline,Automatique,1796.0,9.0,Intégrale,Essence,15.0
mercedes-benz,CL,68000.0,220000,Berline,Manuelle,2143.0,7.0,Traction,Diesel,12.0
mercedes-benz,EQ,149000.0,98000,SUV/4x4,Automatique,899.0,7.0,Traction,Electrique,2.0
mercedes-benz,GL,263000.0,49500,SUV/4x4,Automatique,2000.0,12.0,Intégrale,Hybride,3.0
mercedes-benz,CL,60000.0,120000,Berline,Manuelle,1595.0,9.0,Traction,Essence,11.0
mercedes-benz,CL,80000.0,168350,Berline,Automatique,1597.0,9.0,Propulsion,Essence,12.0
mercedes-benz,CL,289000.0,26000,SUV/4x4,Automatique,2987.0,16.0,Intégrale,Diesel,14.0
mercedes-benz,CL,70000.0,250000,Berline,Automatique,2200.0,10.0,Propulsion,Diesel,12.0
mercedes-benz,CL,135000.0,45000,Compacte,Automatique,1300.0,8.0,Traction,Essence,5.0
mercedes-benz,GL,145000.0,40000,SUV/4x4,Automatique,2000.0,12.0,Intégrale,Essence,7.0
mercedes-benz,ML,90000.0,200000,SUV/4x4,Automatique,3996.0,23.0,Propulsion,Diesel,15.0
mercedes-benz,CL,95000.0,197000,Berline,Automatique,2143.0,9.0,Traction,Diesel,11.0
mercedes-benz,CL,93000.0,265000,Berline,Automatique,2143.0,11.0,Traction,Diesel,11.0
mercedes-benz,CL,120000.0,172000,Berline,Automatique,1595.0,8.0,Intégrale,Essence,6.0
mercedes-benz,CL,150000.0,61000,Coupé,Automatique,2143.0,11.0,Traction,Diesel,8.0
mercedes-benz,CL,125000.0,125000,Berline,Automatique,1800.0,9.0,Traction,Essence,7.0
mercedes-benz,GL,220000.0,39000,SUV/4x4,Automatique,2143.0,9.0,Intégrale,Diesel,6.0
mercedes-benz,CL,54000.0,276000,Berline,Automatique,1597.0,9.0,Propulsion,Essence,15.0
mercedes-benz,CL,154000.0,50450,Berline,Automatique,1322.0,7.0,Traction,Essence,4.0
mercedes-benz,CL,46000.0,225000,Berline,Manuelle,2143.0,6.0,Intégrale,Diesel,13.0
mercedes-benz,CL,110000.0,110000,Compacte,Automatique,3000.0,15.0,Intégrale,Diesel,10.0
mercedes-benz,CL,54000.0,254000,Citadine,Manuelle,1600.0,6.0,Intégrale,Essence,11.0
mercedes-benz,CL,53000.0,149000,Berline,Automatique,1796.0,11.0,Propulsion,Essence,15.0
mercedes-benz,CL,275000.0,30000,Berline,Automatique,1999.0,10.0,Propulsion,Diesel,3.0
mercedes-benz,GL,145000.0,247000,SUV/4x4,Automatique,1991.0,12.0,Intégrale,Essence,7.0
mercedes-benz,CL,129000.0,90000,Compacte,Automatique,2000.0,9.0,Traction,Essence,4.0
mercedes-benz,GL,390000.0,71772,SUV/4x4,Automatique,1991.0,12.0,Propulsion,Hybride,2.0
mercedes-benz,CL,145000.0,130000,Coupé,Automatique,1999.0,8.0,Intégrale,Essence,6.0
peugeot,20,27900.0,122000,Citadine,Manuelle,1198.0,5.0,Traction,Essence,7.0
peugeot,20,31500.0,141000,Citadine,Manuelle,1198.0,5.0,Traction,Essence,10.0
peugeot,30,25500.0,195000,Berline,Manuelle,1198.0,5.0,Traction,Essence,6.0
peugeot,20,39000.0,11000,Citadine,Manuelle,999.0,4.0,Traction,Essence,4.0
peugeot,20,43500.0,37000,Citadine,Manuelle,1198.0,4.0,Traction,Essence,2.0
peugeot,20,27500.0,290000,Coupé,Manuelle,1389.0,6.0,Traction,Diesel,13.0
peugeot,30,62000.0,131000,SUV/4x4,Manuelle,1198.0,7.0,Traction,Essence,7.0
peugeot,30,26000.0,93000,Berline,Manuelle,1198.0,5.0,Traction,Essence,10.0
peugeot,20,45000.0,60000,SUV/4x4,Manuelle,1198.0,5.0,Traction,Essence,8.0
peugeot,PA,39500.0,113000,Utilitaire,Manuelle,1198.0,5.0,Traction,Diesel,6.0
peugeot,RI,69000.0,67000,Utilitaire,Manuelle,1198.0,6.0,Traction,Essence,5.0
peugeot,20,32900.0,104000,Monospace,Manuelle,1198.0,5.0,Traction,Essence,7.0
peugeot,LA,95000.0,34000,Pick up,Manuelle,1898.0,6.0,Traction,Diesel,2.0
peugeot,20,38500.0,74000,Monospace,Manuelle,1199.0,5.0,Traction,Essence,8.0
peugeot,30,33000.0,230000,Citadine,Manuelle,1599.0,7.0,Traction,Essence,14.0
peugeot,30,84900.0,132000,SUV/4x4,Automatique,1598.0,9.0,Traction,Essence,6.0
peugeot,30,49000.0,64000,Berline,Manuelle,1199.0,6.0,Traction,Essence,4.0
peugeot,30,50000.0,102000,Citadine,Manuelle,1200.0,5.0,Traction,Essence,4.0
peugeot,PA,46000.0,148000,Monospace,Manuelle,1499.0,5.0,Traction,Diesel,4.0
peugeot,20,46500.0,88000,Citadine,Manuelle,1499.0,5.0,Traction,Diesel,3.0
peugeot,20,45500.0,108000,Citadine,Manuelle,1499.0,5.0,Traction,Diesel,3.0
peugeot,30,79000.0,148000,SUV/4x4,Automatique,1489.0,6.0,Traction,Diesel,4.0
peugeot,50,78000.0,160000,Autres,Manuelle,1199.0,7.0,Traction,Essence,5.0
peugeot,PA,54500.0,90000,Utilitaire,Manuelle,1600.0,5.0,Traction,Diesel,2.0
peugeot,40,26500.0,130000,Berline,Automatique,2000.0,9.0,Traction,Essence,17.0
peugeot,30,33000.0,73000,Berline,Manuelle,1198.0,5.0,Traction,Essence,3.0
peugeot,PA,56000.0,73000,Utilitaire,Manuelle,1559.0,5.0,Traction,Diesel,5.0
peugeot,30,65000.0,130000,SUV/4x4,Manuelle,1200.0,7.0,Intégrale,Essence,7.0
peugeot,20,43000.0,100000,SUV/4x4,Manuelle,1200.0,6.0,Intégrale,Essence,7.0
peugeot,30,54000.0,96000,Compacte,Manuelle,999.0,4.0,Traction,Diesel,5.0
peugeot,30,77000.0,110000,SUV/4x4,Automatique,1600.0,9.0,Propulsion,Essence,7.0
peugeot,20,49000.0,61000,SUV/4x4,Automatique,1200.0,6.0,Intégrale,Essence,6.0
peugeot,30,82000.0,140000,SUV/4x4,Automatique,1200.0,7.0,Traction,Essence,6.0
peugeot,PA,57000.0,62000,Utilitaire,Manuelle,1560.0,5.0,Traction,Diesel,1.0
peugeot,PA,59000.0,87261,Utilitaire,Manuelle,1999.0,5.0,Propulsion,Diesel,4.0
peugeot,PA,55000.0,144790,Autres,Manuelle,1560.0,5.0,Propulsion,Diesel,5.0
peugeot,30,88000.0,117000,SUV/4x4,Automatique,1199.0,7.0,Traction,Essence,3.0
peugeot,30,92000.0,55000,SUV/4x4,Automatique,1200.0,7.0,Traction,Essence,4.0
peugeot,30,53000.0,36765,Berline,Manuelle,1200.0,5.0,Traction,Essence,3.0
peugeot,30,126000.0,48000,Berline,Automatique,1500.0,7.0,Traction,Diesel,1.0
peugeot,EX,59000.0,139199,Utilitaire,Manuelle,1500.0,6.0,Traction,Diesel,5.0
peugeot,20,55000.0,125000,SUV/4x4,Automatique,1200.0,6.0,Traction,Essence,6.0
peugeot,LA,64500.0,124000,Autres,Manuelle,1910.0,6.0,Traction,Diesel,3.0
peugeot,30,69000.0,93000,SUV/4x4,Automatique,1199.0,7.0,Traction,Essence,4.0
peugeot,30,82000.0,87000,SUV/4x4,Automatique,1200.0,7.0,Traction,Essence,5.0
peugeot,50,79000.0,137000,Berline,Automatique,1600.0,8.0,Traction,Essence,5.0
peugeot,30,88000.0,38000,SUV/4x4,Automatique,1399.0,7.0,Traction,Essence,5.0
peugeot,30,75000.0,75000,SUV/4x4,Automatique,1400.0,6.0,Traction,Essence,4.0
peugeot,30,69000.0,112000,SUV/4x4,Automatique,1599.0,7.0,Traction,Essence,4.0
peugeot,30,89000.0,125000,SUV/4x4,Automatique,1599.0,6.0,Traction,Essence,4.0
peugeot,30,47000.0,128000,Citadine,Manuelle,1200.0,6.0,Traction,Essence,4.0
peugeot,20,80000.0,100000,SUV/4x4,Manuelle,1200.0,6.0,Traction,Diesel,3.0
peugeot,RI,72000.0,95000,Compacte,Manuelle,1599.0,7.0,Traction,Diesel,4.0
peugeot,RI,72000.0,95000,Compacte,Manuelle,1500.0,7.0,Traction,Diesel,4.0
peugeot,20,97000.0,34000,SUV/4x4,Automatique,1399.0,7.0,Traction,Essence,2.0
peugeot,20,35000.0,60000,Citadine,Manuelle,1190.0,4.0,Traction,Essence,4.0
peugeot,20,92000.0,30000,SUV/4x4,Manuelle,1200.0,7.0,Traction,Essence,3.0
peugeot,50,138000.0,7000,Citadine,Automatique,1600.0,9.0,Traction,Essence,1.0
peugeot,PA,27000.0,218000,Utilitaire,Manuelle,1600.0,5.0,Traction,Diesel,10.0
peugeot,50,116000.0,115000,Berline,Automatique,1600.0,9.0,Traction,Essence,4.0
peugeot,40,26500.0,130000,Compacte,Automatique,2000.0,9.0,Traction,Essence,17.0
peugeot,20,34000.0,93000,Citadine,Manuelle,1199.0,5.0,Traction,Essence,5.0
peugeot,50,51000.0,145000,Berline,Automatique,1600.0,7.0,Traction,Essence,6.0
peugeot,30,34000.0,99500,Compacte,Manuelle,1199.0,5.0,Traction,Essence,10.0
peugeot,20,27500.0,290000,Coupé,Manuelle,4000.0,6.0,Traction,Diesel,13.0
peugeot,30,68000.0,149000,SUV/4x4,Automatique,1199.0,7.0,Traction,Essence,4.0
peugeot,50,41500.0,240000,Berline,Manuelle,1560.0,6.0,Traction,Diesel,12.0
peugeot,PA,48000.0,95000,Utilitaire,Manuelle,1600.0,5.0,Traction,Diesel,3.0
peugeot,30,80000.0,190000,SUV/4x4,Automatique,1600.0,6.0,Traction,Diesel,7.0
peugeot,20,49500.0,28500,Citadine,Manuelle,999.0,5.0,Traction,Essence,3.0
peugeot,50,95000.0,145000,SUV/4x4,Manuelle,1200.0,7.0,Traction,Essence,4.0
peugeot,LA,97000.0,30000,Pick up,Manuelle,1900.0,7.0,Intégrale,Diesel,1.0
peugeot,40,23000.0,376000,Berline,Manuelle,1600.0,6.0,Traction,Diesel,19.0
peugeot,30,76000.0,112000,SUV/4x4,Automatique,1600.0,9.0,Traction,Essence,5.0
peugeot,30,105000.0,55000,SUV/4x4,Automatique,1598.0,9.0,Traction,Essence,2.0
peugeot,20,32500.0,140000,Citadine,Manuelle,1199.0,5.0,Traction,Essence,5.0
peugeot,20,70000.0,110000,SUV/4x4,Manuelle,3000.0,6.0,Traction,Essence,4.0
peugeot,30,47000.0,148500,Berline,Manuelle,1200.0,6.0,Traction,Essence,5.0
peugeot,40,47900.0,99000,SUV/4x4,Manuelle,2000.0,9.0,Traction,Essence,10.0
peugeot,30,38000.0,150000,Compacte,Manuelle,1000.0,7.0,Traction,Essence,12.0
peugeot,30,95000.0,30000,SUV/4x4,Automatique,1600.0,9.0,Traction,Essence,6.0
peugeot,50,30000.0,174000,Citadine,Manuelle,1560.0,6.0,Traction,Diesel,13.0
peugeot,20,29000.0,110000,Citadine,Manuelle,1199.0,5.0,Traction,Essence,9.0
peugeot,20,38500.0,229000,Berline,Manuelle,1199.0,5.0,Traction,Essence,9.0
peugeot,40,31000.0,308000,Berline,Manuelle,1600.0,6.0,Traction,Diesel,16.0
peugeot,30,39000.0,188000,Compacte,Manuelle,1300.0,6.0,Traction,Essence,7.0
peugeot,30,89000.0,70000,SUV/4x4,Automatique,1200.0,6.0,Traction,Essence,4.0
peugeot,RI,84000.0,123000,Monospace,Manuelle,1499.0,5.0,Propulsion,Diesel,3.0
peugeot,20,34000.0,65000,Compacte,Manuelle,998.0,4.0,Propulsion,Essence,4.0
peugeot,20,36000.0,162000,SUV/4x4,Manuelle,1199.0,5.0,Traction,Essence,10.0
peugeot,LA,78000.0,45000,Pick up,Manuelle,1910.0,6.0,Propulsion,Diesel,1.0
peugeot,20,29000.0,110000,Citadine,Manuelle,1199.0,5.0,Traction,Essence,9.0
peugeot,20,34000.0,136000,SUV/4x4,Manuelle,1199.0,5.0,Traction,Essence,10.0
peugeot,20,48000.0,93000,SUV/4x4,Manuelle,1200.0,5.0,Propulsion,Essence,7.0
peugeot,20,40000.0,96000,SUV/4x4,Manuelle,1000.0,5.0,Traction,Essence,9.0
peugeot,50,95000.0,111000,Berline,Automatique,1300.0,7.0,Propulsion,Diesel,5.0
peugeot,30,37500.0,143000,Autres,Manuelle,1598.0,7.0,Propulsion,Essence,10.0
peugeot,30,95000.0,1000,Compacte,Automatique,1000.0,7.0,Traction,Essence,1.0
peugeot,20,56000.0,120000,Citadine,Automatique,1199.0,6.0,Traction,Essence,6.0
peugeot,50,28000.0,215000,Berline,Manuelle,1599.0,7.0,Traction,Essence,12.0
peugeot,20,40000.0,135000,Citadine,Manuelle,1199.0,5.0,Traction,Essence,8.0
peugeot,20,22700.0,110000,Citadine,Manuelle,1124.0,4.0,Traction,Essence,12.0
peugeot,30,49999.0,89000,Compacte,Manuelle,1199.0,6.0,Traction,Essence,4.0
peugeot,30,24500.0,202000,Citadine,Manuelle,1199.0,5.0,Traction,Essence,6.0
peugeot,BO,14000.0,200100,Utilitaire,Manuelle,1219.0,7.0,Traction,Diesel,17.0
peugeot,30,90000.0,120000,SUV/4x4,Automatique,1498.0,7.0,Traction,Diesel,5.0
peugeot,30,32000.0,210000,Compacte,Manuelle,1600.0,7.0,Traction,Essence,14.0
peugeot,30,25500.0,110451,Cabriolet,Manuelle,1599.0,8.0,Traction,Essence,17.0
peugeot,20,32500.0,100000,Coupé,Manuelle,920.0,4.0,Traction,Essence,4.0
peugeot,30,85000.0,170000,Berline,Automatique,999.0,7.0,Intégrale,Diesel,2.0
peugeot,30,53000.0,82500,Berline,Manuelle,1200.0,6.0,Traction,Essence,4.0
peugeot,30,68000.0,164000,Compacte,Automatique,1598.0,9.0,Traction,Essence,8.0
peugeot,20,35000.0,132000,SUV/4x4,Manuelle,1191.0,5.0,Traction,Essence,10.0
peugeot,20,26500.0,260000,Berline,Manuelle,1200.0,5.0,Traction,Essence,12.0
peugeot,20,27400.0,226000,Compacte,Manuelle,1560.0,6.0,Traction,Diesel,15.0
peugeot,BO,58000.0,85000,Autres,Manuelle,2198.0,7.0,Traction,Diesel,2.0
peugeot,40,35000.0,244000,Berline,Manuelle,2080.0,8.0,Traction,Diesel,17.0
peugeot,PA,42500.0,122490,Utilitaire,Manuelle,1560.0,5.0,Traction,Diesel,4.0
peugeot,20,42000.0,75000,Berline,Manuelle,1199.0,4.0,Propulsion,Essence,2.0
peugeot,PA,47000.0,114000,Utilitaire,Manuelle,1560.0,5.0,Traction,Diesel,4.0
peugeot,20,54000.0,40000,SUV/4x4,Manuelle,1199.0,5.0,Traction,Essence,6.0
peugeot,20,28000.0,104000,Citadine,Manuelle,1499.0,5.0,Traction,Essence,6.0
peugeot,20,31500.0,56540,Compacte,Manuelle,1199.0,4.0,Propulsion,Essence,5.0
peugeot,20,28000.0,116000,Citadine,Manuelle,1199.0,5.0,Traction,Essence,5.0
peugeot,20,80000.0,156000,SUV/4x4,Automatique,1199.0,7.0,Traction,Essence,3.0
peugeot,20,36000.0,40000,Citadine,Manuelle,899.0,4.0,Traction,Essence,4.0
peugeot,20,45000.0,82000,SUV/4x4,Manuelle,1199.0,5.0,Traction,Essence,8.0
peugeot,20,40000.0,56000,Citadine,Manuelle,1199.0,5.0,Traction,Essence,8.0
